id	PositiveTail 1	PositiveTail 2	PositiveTail 3	PositiveTail 4	PositiveTail 5	PositiveTail 6	PositiveTail 7	PositiveTail 8	PositiveTail 9	PositiveTail 10	PositiveTail 11	PositiveTail 12	PositiveTail 13	PositiveTail 14
10103096-10103096_analysis_0	3	0	0	0	0	0	0	0	0	0	0	0	0	0
10103096-10103096_analysis_1	2	0	0	0	0	0	0	0	0	0	0	0	0	0
11296095-11296095_analysis_0	1	0	0	0	0	0	0	0	0	0	0	0	0	0
11296095-11296095_analysis_1	0	0	0	0	0	0	0	0	0	0	0	0	0	0
11296095-11296095_analysis_2	1	0	0	0	0	0	0	0	0	0	0	0	0	0
11296095-11296095_analysis_3	1	0	0	0	0	0	0	0	0	0	0	0	0	0
11296095-11296095_analysis_4	0	0	0	0	0	0	0	0	0	0	0	0	0	0
11296095-11296095_analysis_5	1	0	0	0	0	0	0	0	0	0	0	0	0	0
11296095-11296095_analysis_6	0	0	0	0	0	0	0	0	0	0	0	0	0	0
11751032-11751032_analysis_0	4	0	0	0	0	0	0	0	0	0	0	0	0	0
12381499-12381499_analysis_0	8	0	0	0	0	0	0	0	0	0	0	0	0	0
12381499-12381499_analysis_1	8	0	0	0	0	0	0	0	0	0	0	0	0	0
12860777-12860777_analysis_0	5	0	0	0	0	0	0	0	0	0	0	0	0	0
12860777-12860777_analysis_1	0	0	0	0	0	0	0	0	0	0	0	0	0	0
14679386-14679386_analysis_0	5	0	0	0	0	0	0	0	0	0	0	0	0	0
14679386-14679386_analysis_1	2	0	0	0	0	0	0	0	0	0	0	0	0	0
14679386-14679386_analysis_2	8	0	0	0	0	0	0	0	0	0	0	0	0	0
14679386-14679386_analysis_3	3	0	0	0	0	0	0	0	0	0	0	0	0	0
14679386-14679386_analysis_4	1	0	0	0	0	0	0	0	0	0	0	0	0	0
14679386-14679386_analysis_5	0	0	0	0	0	0	0	0	0	0	0	0	0	0
14679386-14679386_analysis_6	2	0	0	0	0	0	0	0	0	0	0	0	0	0
15127179-15127179_analysis_0	5	0	0	0	0	0	0	0	0	0	0	0	0	0
15127179-15127179_analysis_1	4	0	0	0	0	0	0	0	0	0	0	0	0	0
15589112-15589112_analysis_0	5	0	0	0	0	0	0	0	0	0	0	0	0	0
15590917-15590917_analysis_0	8	0	0	0	0	0	0	0	0	0	0	0	0	0
15737663-15737663_analysis_0	3	0	0	0	0	0	0	0	0	0	0	0	0	0
15737663-15737663_analysis_1	0	0	0	0	0	0	0	0	0	0	0	0	0	0
15886020-15886020_analysis_0	15	0	0	0	0	0	0	0	0	0	0	0	0	0
15953495-15953495_analysis_0	3	0	0	0	0	0	0	0	0	0	0	0	0	0
16023086-16023086_analysis_0	1	0	0	0	0	0	0	0	0	0	0	0	0	0
16085533-16085533_analysis_0	2	0	0	0	0	0	0	0	0	0	0	0	0	0
16085533-16085533_analysis_1	4	0	0	0	0	0	0	0	0	0	0	0	0	0
16123763-16123763_analysis_0	2	0	0	0	0	0	0	0	0	0	0	0	0	0
16133128-16133128_analysis_0	3	0	0	0	0	0	0	0	0	0	0	0	0	0
16133128-16133128_analysis_1	9	0	0	0	0	0	0	0	0	0	0	0	0	0
16163517-16163517_analysis_0	30	0	0	0	0	0	0	0	0	0	0	0	0	0
16163517-16163517_analysis_1	9	0	0	0	0	0	0	0	0	0	0	0	0	0
16163517-16163517_analysis_2	8	0	0	0	0	0	0	0	0	0	0	0	0	0
16406379-16406379_analysis_0	1	0	0	0	0	0	0	0	0	0	0	0	0	0
16406379-16406379_analysis_1	4	0	0	0	0	0	0	0	0	0	0	0	0	0
16598192-16598192_analysis_0	6	0	0	0	0	0	0	0	0	0	0	0	0	0
16598192-16598192_analysis_1	16	1	0	0	0	0	0	0	0	0	0	0	0	0
16598192-16598192_analysis_2	3	0	0	0	0	0	0	0	0	0	0	0	0	0
16759342-16759342_analysis_0	1	0	0	0	0	0	0	0	0	0	0	0	0	0
16759342-16759342_analysis_1	3	0	0	0	0	0	0	0	0	0	0	0	0	0
16759342-16759342_analysis_2	9	0	0	0	0	0	0	0	0	0	0	0	0	0
16759342-16759342_analysis_3	0	0	0	0	0	0	0	0	0	0	0	0	0	0
16899037-16899037_analysis_0	5	0	0	0	0	0	0	0	0	0	0	0	0	0
16899037-16899037_analysis_1	1	0	0	0	0	0	0	0	0	0	0	0	0	0
16899037-16899037_analysis_2	0	0	0	0	0	0	0	0	0	0	0	0	0	0
17088500-17088500_analysis_0	9	0	0	0	0	0	0	0	0	0	0	0	0	0
17197102-17197102_analysis_0	5	0	0	0	0	0	0	0	0	0	0	0	0	0
17197102-17197102_analysis_1	2	0	0	0	0	0	0	0	0	0	0	0	0	0
17197102-17197102_analysis_2	3	0	0	0	0	0	0	0	0	0	0	0	0	0
17197102-17197102_analysis_3	1	0	0	0	0	0	0	0	0	0	0	0	0	0
17197102-17197102_analysis_4	0	0	0	0	0	0	0	0	0	0	0	0	0	0
17197102-17197102_analysis_5	0	0	0	0	0	0	0	0	0	0	0	0	0	0
17217932-17217932_analysis_0	1	0	0	0	1	0	0	0	0	0	0	0	0	0
17217932-17217932_analysis_2	7	0	0	0	0	0	0	0	0	0	0	0	0	0
17217932-17217932_analysis_3	1	3	0	2	0	0	0	0	0	0	0	0	0	0
17217932-17217932_analysis_4	5	0	0	0	0	0	0	0	0	0	0	0	0	0
17217932-17217932_analysis_5	2	0	0	0	0	0	0	0	0	0	0	0	0	0
17217932-17217932_analysis_6	25	0	0	0	0	0	0	0	0	0	0	0	0	0
17217932-17217932_analysis_7	1	0	0	0	0	0	0	0	0	0	0	0	0	0
17291784-17291784_analysis_0	2	0	0	0	0	0	0	0	0	0	0	0	0	0
17291784-17291784_analysis_1	0	0	0	0	0	0	0	0	0	0	0	0	0	0
17291784-17291784_analysis_2	2	0	0	0	0	0	0	0	0	0	0	0	0	0
17291784-17291784_analysis_3	2	0	0	0	0	0	0	0	0	0	0	0	0	0
17291784-17291784_analysis_4	1	0	0	0	0	0	0	0	0	0	0	0	0	0
17291784-17291784_analysis_6	3	0	0	0	0	0	0	0	0	0	0	0	0	0
17291784-17291784_analysis_7	2	0	0	0	0	0	0	0	0	0	0	0	0	0
17291784-17291784_analysis_8	1	0	0	0	0	0	0	0	0	0	0	0	0	0
17291784-17291784_analysis_9	0	0	0	0	0	0	0	0	0	0	0	0	0	0
17307790-17307790_analysis_0	1	0	0	0	0	0	0	0	0	0	0	0	0	0
17307790-17307790_analysis_1	0	0	0	0	0	0	0	0	0	0	0	0	0	0
17307790-17307790_analysis_2	1	0	0	0	0	0	0	0	0	0	0	0	0	0
17307790-17307790_analysis_3	0	0	0	0	0	0	0	0	0	0	0	0	0	0
17307790-17307790_analysis_4	4	0	0	0	0	0	0	0	0	0	0	0	0	0
17375140-17375140_analysis_0	7	0	0	0	0	0	0	0	0	0	0	0	0	0
17375140-17375140_analysis_1	0	0	0	0	0	0	0	0	0	0	0	0	0	0
17392464-17392464_analysis_0	1	0	0	0	0	0	0	0	0	0	0	0	0	0
17392464-17392464_analysis_1	2	0	0	0	0	0	0	0	0	0	0	0	0	0
17392464-17392464_analysis_2	1	0	0	0	0	0	0	0	0	0	0	0	0	0
17392464-17392464_analysis_3	1	0	0	0	0	0	0	0	0	0	0	0	0	0
17488322-17488322_analysis_0	1	0	0	0	0	0	0	0	0	0	0	0	0	0
17488322-17488322_analysis_1	3	0	0	0	0	0	0	0	0	0	0	0	0	0
17488322-17488322_analysis_2	1	0	0	0	0	0	0	0	0	0	0	0	0	0
17611740-17611740_analysis_0	2	0	0	0	0	0	0	0	0	0	0	0	0	0
17611740-17611740_analysis_1	2	0	0	0	0	0	0	0	0	0	0	0	0	0
17653109-17653109_analysis_0	21	0	0	0	0	0	0	0	0	0	0	0	0	0
17653109-17653109_analysis_1	8	0	0	0	0	0	0	0	0	0	0	0	0	0
17921372-17921372_analysis_0	2	0	0	0	0	0	0	0	0	0	0	0	0	0
17921372-17921372_analysis_1	1	0	0	0	0	0	0	0	0	0	0	0	0	0
17921372-17921372_analysis_2	4	0	0	0	0	0	0	1	0	0	0	0	0	0
17986612-17986612_analysis_0	3	0	0	0	0	0	0	0	0	0	0	0	0	0
17986612-17986612_analysis_1	5	0	0	0	0	0	0	0	0	0	0	0	0	0
17987060-17987060_analysis_0	4	0	0	0	0	0	0	0	0	0	0	0	0	0
17987060-17987060_analysis_1	1	1	0	0	0	0	0	0	0	0	0	0	0	0
17987060-17987060_analysis_3	2	0	0	0	0	0	0	0	0	0	0	0	0	0
17987060-17987060_analysis_4	1	0	0	0	0	0	0	0	0	0	0	0	0	0
17987060-17987060_analysis_5	1	0	0	0	0	0	0	0	0	0	0	0	0	0
17987060-17987060_analysis_6	1	0	0	0	0	0	0	0	0	0	0	0	0	0
17987060-17987060_analysis_7	1	0	0	0	0	0	0	0	0	0	0	0	0	0
18266213-18266213_analysis_0	9	0	0	0	0	0	0	0	0	0	0	0	0	0
18272290-18272290_analysis_0	5	0	0	0	0	0	0	0	0	0	0	0	0	0
18272290-18272290_analysis_1	3	0	0	0	0	0	0	0	0	0	0	0	0	0
18391135-18391135_analysis_0	0	0	0	0	0	0	0	0	0	0	0	0	0	0
18391135-18391135_analysis_1	0	0	0	0	0	0	0	0	0	0	0	0	0	0
18391135-18391135_analysis_2	3	0	0	0	0	0	0	0	0	0	0	0	0	0
18391135-18391135_analysis_3	8	0	0	0	0	0	0	0	0	0	0	0	0	0
18391135-18391135_analysis_4	0	0	0	0	0	0	0	0	0	0	0	0	0	0
18413289-18413289_analysis_0	12	0	0	0	0	0	0	0	0	0	0	0	0	0
18413289-18413289_analysis_1	38	0	0	0	0	0	0	0	0	0	0	0	0	0
18413289-18413289_analysis_2	18	0	0	0	0	0	0	0	0	0	0	0	0	0
18413289-18413289_analysis_3	12	0	0	0	0	0	0	0	0	0	0	0	0	0
18460331-18460331_analysis_0	16	1	0	0	0	0	0	0	0	0	0	0	0	0
18460331-18460331_analysis_1	7	1	0	0	0	0	0	0	0	0	0	0	0	0
18460331-18460331_analysis_2	18	2	0	0	0	0	0	0	0	0	0	0	0	0
18499348-18499348_analysis_0	12	1	0	0	0	0	0	0	0	0	0	0	0	0
18507736-18507736_analysis_0	5	0	0	0	0	0	0	0	0	0	0	0	0	0
18507736-18507736_analysis_11	4	0	0	0	0	0	0	0	0	0	0	0	0	0
18507736-18507736_analysis_13	1	0	0	0	0	0	0	0	0	0	0	0	0	0
18507736-18507736_analysis_2	5	0	0	0	0	0	0	0	0	0	0	0	0	0
18507736-18507736_analysis_4	3	0	0	0	0	0	0	0	0	0	0	0	0	0
18507736-18507736_analysis_5	0	0	0	0	0	0	0	0	0	0	0	0	0	0
18507736-18507736_analysis_6	3	0	0	0	0	0	0	0	0	0	0	0	0	0
18507736-18507736_analysis_8	0	0	0	0	0	0	0	0	0	0	0	0	0	0
18507736-18507736_analysis_9	0	0	0	0	0	0	0	0	0	0	0	0	0	0
18540915-18540915_analysis_0	9	0	0	0	0	0	0	0	0	0	0	0	0	0
18540916-18540916_analysis_0	18	0	0	0	0	0	0	0	0	0	0	0	0	0
18540916-18540916_analysis_1	24	0	0	0	0	0	0	0	0	0	0	0	0	0
18704100-18704100_analysis_0	4	0	0	0	0	0	0	0	0	0	0	0	0	0
18704100-18704100_analysis_1	5	0	0	0	0	0	0	0	0	0	0	0	0	0
18704100-18704100_analysis_2	7	0	0	0	0	0	0	0	0	0	0	0	0	0
18711709-18711709_analysis_0	9	0	0	0	0	0	0	0	0	0	0	0	0	0
18823721-18823721_analysis_0	15	0	0	0	0	0	0	0	0	0	0	0	0	0
18823721-18823721_analysis_1	8	1	0	0	0	0	0	0	0	0	0	0	0	0
18823721-18823721_analysis_2	20	0	0	0	0	0	0	0	0	0	0	0	0	0
18823721-18823721_analysis_3	30	0	0	0	0	0	0	0	0	0	0	0	0	0
18823721-18823721_analysis_4	9	1	0	0	0	0	0	0	0	0	0	0	0	0
18823721-18823721_analysis_5	9	0	0	0	0	0	0	0	0	0	0	0	0	0
18823721-18823721_analysis_6	3	0	0	0	0	0	0	0	0	0	0	0	0	0
18851716-18851716_analysis_0	1	0	0	0	0	0	0	0	0	0	0	0	0	0
18851716-18851716_analysis_1	4	0	0	0	0	0	0	0	0	0	0	0	0	0
19015835-19015835_analysis_0	2	1	0	0	0	0	0	0	0	0	0	0	0	0
19015835-19015835_analysis_1	5	0	0	0	0	0	0	0	0	0	0	0	0	0
19028527-19028527_analysis_0	10	0	0	0	0	0	0	0	0	0	0	0	0	0
19028527-19028527_analysis_1	6	0	0	0	0	0	0	0	0	0	0	0	0	0
19107465-19107465_analysis_0	5	0	0	0	0	0	0	0	0	0	0	0	0	0
19107465-19107465_analysis_2	0	0	0	0	0	0	0	0	0	0	0	0	0	0
19107465-19107465_analysis_4	2	0	0	0	0	0	0	0	0	0	0	0	0	0
19129383-19129383_analysis_0	4	0	0	0	0	0	0	0	0	0	0	0	0	0
19135471-19135471_analysis_0	7	0	0	0	0	0	0	0	0	0	0	0	0	0
19135471-19135471_analysis_1	4	0	0	0	0	0	0	0	0	0	0	0	0	0
19135471-19135471_analysis_2	0	0	0	0	0	0	0	0	0	0	0	0	0	0
19135471-19135471_analysis_3	3	0	0	0	0	0	0	0	0	0	0	0	0	0
19260039-19260039_analysis_0	8	0	0	0	0	0	0	0	0	0	0	0	0	0
19365394-19365394_analysis_0	9	0	0	0	0	0	0	0	0	0	0	0	0	0
19365394-19365394_analysis_1	12	0	0	0	0	0	0	0	0	0	0	0	0	0
19369561-19369561_analysis_0	4	1	0	0	0	0	0	0	0	0	0	0	0	0
19369561-19369561_analysis_1	4	1	0	0	0	0	0	0	0	0	0	0	0	0
19369561-19369561_analysis_2	4	1	0	0	0	0	0	0	0	0	0	0	0	0
19369561-19369561_analysis_3	3	0	0	0	0	0	0	0	0	0	0	0	0	0
19369561-19369561_analysis_4	3	0	0	0	0	0	0	0	0	0	0	0	0	0
19369561-19369561_analysis_5	3	0	0	0	0	0	0	0	0	0	0	0	0	0
19369561-19369561_analysis_6	3	0	0	0	0	0	0	0	0	0	0	0	0	0
19420266-19420266_analysis_0	2	0	0	0	0	0	0	0	0	0	0	0	0	0
19420266-19420266_analysis_1	1	0	0	0	0	0	0	0	0	0	0	0	0	0
19420266-19420266_analysis_2	0	0	0	0	0	0	0	0	0	0	0	0	0	0
19420266-19420266_analysis_3	4	0	0	0	0	0	0	0	0	0	0	0	0	0
19632211-19632211_analysis_0	12	0	0	0	0	0	0	0	0	0	0	0	0	0
19632211-19632211_analysis_1	4	0	0	0	0	0	0	0	0	0	0	0	0	0
19632211-19632211_analysis_2	0	0	0	0	0	0	0	0	0	0	0	0	0	0
19632211-19632211_analysis_3	6	0	0	0	0	0	0	0	0	0	0	0	0	0
19636426-19636426_analysis_0	15	0	0	0	0	0	0	0	0	0	0	0	0	0
19650816-19650816_analysis_0	17	0	0	0	0	0	0	0	0	0	0	0	0	0
19650816-19650816_analysis_1	8	0	0	0	0	0	0	0	0	0	0	0	0	0
19651613-19651613_analysis_0	19	2	0	0	0	0	0	1	0	0	0	0	0	0
19651613-19651613_analysis_1	1	0	0	0	0	0	0	0	0	0	0	0	0	0
19806158-19806158_analysis_0	0	0	0	0	0	0	0	0	0	0	0	0	0	0
19806158-19806158_analysis_1	5	0	0	0	0	0	0	0	0	0	0	0	0	0
19926661-19926661_analysis_0	17	0	0	0	0	0	0	0	0	0	0	0	0	0
19968401-19968401_analysis_0	6	0	0	0	0	0	0	0	0	0	0	0	0	0
19968401-19968401_analysis_1	0	0	0	0	0	0	0	0	0	0	0	0	0	0
19968401-19968401_analysis_2	13	0	1	0	0	0	0	0	0	0	0	0	0	0
19968401-19968401_analysis_3	2	0	0	0	0	0	0	0	0	0	0	0	0	0
19968401-19968401_analysis_4	2	0	0	0	0	0	0	0	0	0	0	0	0	0
19968401-19968401_analysis_5	1	0	0	0	0	0	0	0	0	0	0	0	0	0
20010552-20010552_analysis_0	3	0	0	0	0	0	0	0	0	0	0	0	0	0
20010552-20010552_analysis_1	0	0	0	0	0	0	0	0	0	0	0	0	0	0
20028366-20028366_analysis_0	8	0	0	1	0	0	0	0	0	0	0	0	0	0
20028366-20028366_analysis_1	4	0	0	0	0	0	0	0	0	0	0	0	0	0
20044075-20044075_analysis_0	10	0	0	0	0	0	0	0	0	0	0	0	0	0
20090671-20090671_analysis_0	1	0	0	0	0	0	0	0	0	0	0	0	0	0
20090671-20090671_analysis_1	5	0	0	0	0	0	0	0	0	0	0	0	0	0
20090671-20090671_analysis_10	0	0	0	0	0	0	0	0	0	0	0	0	0	0
20090671-20090671_analysis_11	3	0	0	0	0	0	0	0	0	0	0	0	0	0
20090671-20090671_analysis_12	0	0	0	0	0	0	0	0	0	0	0	0	0	0
20090671-20090671_analysis_13	1	0	0	0	0	0	0	0	0	0	0	0	0	0
20090671-20090671_analysis_14	1	0	0	0	0	0	0	0	0	0	0	0	0	0
20090671-20090671_analysis_15	3	0	0	0	0	0	0	0	0	0	0	0	0	0
20090671-20090671_analysis_16	3	0	0	0	0	0	0	0	0	0	0	0	0	0
20090671-20090671_analysis_17	1	0	0	0	0	0	0	0	0	0	0	0	0	0
20090671-20090671_analysis_18	3	0	0	0	0	0	0	0	0	0	0	0	0	0
20090671-20090671_analysis_19	1	0	0	0	0	0	0	0	0	0	0	0	0	0
20090671-20090671_analysis_2	2	0	0	0	0	0	0	0	0	0	0	0	0	0
20090671-20090671_analysis_3	9	0	0	0	0	0	0	0	0	0	0	0	0	0
20090671-20090671_analysis_4	12	0	0	0	0	0	0	0	0	0	0	0	0	0
20090671-20090671_analysis_5	4	0	0	0	0	0	0	0	0	0	0	0	0	0
20090671-20090671_analysis_6	3	0	0	0	0	0	0	0	0	0	0	0	0	0
20090671-20090671_analysis_7	5	0	0	0	0	0	0	0	0	0	0	0	0	0
20090671-20090671_analysis_8	4	0	0	0	0	0	0	0	0	0	0	0	0	0
20090671-20090671_analysis_9	7	0	0	0	0	0	0	0	0	0	0	0	0	0
20096712-20096712_analysis_0	3	1	0	0	0	0	0	0	0	0	0	0	0	0
20445032-20445032_analysis_0	9	0	0	0	0	0	0	0	0	0	0	0	0	0
20445032-20445032_analysis_1	8	0	0	0	0	0	0	0	0	0	0	0	0	0
20445032-20445032_analysis_2	1	0	0	0	0	0	0	0	0	0	0	0	0	0
20445032-20445032_analysis_3	0	0	0	0	0	0	0	0	0	0	0	0	0	0
20445032-20445032_analysis_4	1	0	0	0	0	0	0	0	0	0	0	0	0	0
20445032-20445032_analysis_5	2	0	0	0	0	0	0	0	0	0	0	0	0	0
20445032-20445032_analysis_6	1	0	0	0	0	0	0	0	0	0	0	0	0	0
20445032-20445032_analysis_7	2	0	0	0	0	0	0	0	0	0	0	0	0	0
20570495-20570495_analysis_0	5	0	0	0	0	0	0	0	0	0	0	0	0	0
20571434-20571434_analysis_0	3	0	0	0	0	0	0	0	0	0	0	0	0	0
20571434-20571434_analysis_1	2	0	0	0	0	0	0	0	0	0	0	0	0	0
20579973-20579973_analysis_0	1	0	0	0	0	0	0	0	0	0	0	0	0	0
20579973-20579973_analysis_1	3	0	0	0	0	0	0	0	0	0	0	0	0	0
20604987-20604987_analysis_0	4	0	0	0	0	0	0	0	0	0	0	0	0	0
20604987-20604987_analysis_1	0	0	0	0	0	0	0	0	0	0	0	0	0	0
20604987-20604987_analysis_2	1	0	0	0	0	0	0	0	0	0	0	0	0	0
20604987-20604987_analysis_3	0	0	0	0	0	0	0	0	0	0	0	0	0	0
20604987-20604987_analysis_4	1	0	0	0	0	0	0	0	0	0	0	0	0	0
20604987-20604987_analysis_5	0	0	0	0	0	0	0	0	0	0	0	0	0	0
20634975-20634975_analysis_0	2	0	0	0	0	0	0	0	0	0	0	0	0	0
20634975-20634975_analysis_1	0	0	0	0	0	0	0	0	0	0	0	0	0	0
20634975-20634975_analysis_2	2	0	0	0	0	0	0	0	0	0	0	0	0	0
20670348-20670348_analysis_0	12	1	0	0	0	0	0	0	0	0	0	0	0	0
20678551-20678551_analysis_0	10	1	0	0	0	0	0	0	0	0	0	0	0	0
20678551-20678551_analysis_1	4	0	0	1	0	0	0	0	0	0	0	0	0	0
20678551-20678551_analysis_2	5	0	0	0	0	0	0	0	0	0	0	0	0	0
20688176-20688176_analysis_0	2	0	0	0	0	0	0	0	0	0	0	0	0	0
20703221-20703221_analysis_0	3	0	0	0	0	0	0	0	0	0	0	0	0	0
20703221-20703221_analysis_1	0	0	0	0	0	0	0	0	0	0	0	0	0	0
20729527-20729527_analysis_0	5	0	0	0	0	0	0	0	0	0	0	0	0	0
20729530-20729530_analysis_0	3	0	0	0	0	0	0	0	0	0	0	0	0	0
20729530-20729530_analysis_1	1	0	0	0	0	0	0	0	0	0	0	0	0	0
20729530-20729530_analysis_2	2	0	0	0	0	0	0	0	0	0	0	0	0	0
20729530-20729530_analysis_3	2	0	0	0	0	0	0	0	0	0	0	0	0	0
20729530-20729530_analysis_4	5	0	0	0	0	0	0	0	0	0	0	0	0	0
20823246-20823246_analysis_0	1	0	0	0	0	0	0	0	0	0	0	0	0	0
20823246-20823246_analysis_1	1	0	0	0	0	0	0	0	0	0	0	0	0	0
20823246-20823246_analysis_10	1	0	0	0	0	0	0	0	0	0	0	0	0	0
20823246-20823246_analysis_11	0	0	0	0	0	0	0	0	0	0	0	0	0	0
20823246-20823246_analysis_2	2	0	0	0	0	0	0	0	0	0	0	0	0	0
20823246-20823246_analysis_3	0	0	0	0	0	0	0	0	0	0	0	0	0	0
20823246-20823246_analysis_4	0	0	0	0	0	0	0	0	0	0	0	0	0	0
20823246-20823246_analysis_5	1	0	0	0	0	0	0	0	0	0	0	0	0	0
20823246-20823246_analysis_6	1	0	0	0	0	0	0	0	0	0	0	0	0	0
20823246-20823246_analysis_7	1	0	0	0	0	0	0	0	0	0	0	0	0	0
20823246-20823246_analysis_8	0	0	0	0	0	0	0	0	0	0	0	0	0	0
20823246-20823246_analysis_9	0	0	0	0	0	0	0	0	0	0	0	0	0	0
20840335-20840335_analysis_0	15	0	0	0	0	0	0	0	0	0	0	0	0	0
20840335-20840335_analysis_1	13	0	0	0	0	0	0	0	0	0	0	0	0	0
20840335-20840335_analysis_10	3	0	0	0	0	0	0	0	0	0	0	0	0	0
20840335-20840335_analysis_11	1	0	0	0	0	0	0	0	0	0	0	0	0	0
20840335-20840335_analysis_2	9	0	0	0	0	0	0	0	0	0	0	0	0	0
20840335-20840335_analysis_3	1	0	0	0	0	0	0	0	0	0	0	0	0	0
20840335-20840335_analysis_4	0	0	0	0	0	0	0	0	0	0	0	0	0	0
20840335-20840335_analysis_5	1	0	0	0	0	0	0	0	0	0	0	0	0	0
20840335-20840335_analysis_6	5	0	0	0	0	0	0	0	0	0	0	0	0	0
20840335-20840335_analysis_7	6	0	0	0	0	0	0	0	0	0	0	0	0	0
20840335-20840335_analysis_8	6	0	0	0	0	0	0	0	0	0	0	0	0	0
20840335-20840335_analysis_9	4	0	0	0	0	0	0	0	0	0	0	0	0	0
20920491-20920491_analysis_0	40	0	0	0	0	0	0	0	0	0	0	0	0	0
20920491-20920491_analysis_1	5	0	0	0	0	0	0	0	0	0	0	0	0	0
20932921-20932921_analysis_0	4	0	0	0	0	0	0	0	0	0	0	0	0	0
20932921-20932921_analysis_1	0	0	0	0	0	0	0	0	0	0	0	0	0	0
20932921-20932921_analysis_2	2	0	0	0	0	0	0	0	0	0	0	0	0	0
20932921-20932921_analysis_3	3	0	0	0	0	0	0	0	0	0	0	0	0	0
20932921-20932921_analysis_4	0	0	0	0	0	0	0	0	0	0	0	0	0	0
20932921-20932921_analysis_5	1	0	0	0	0	0	0	0	0	0	0	0	0	0
20932921-20932921_analysis_6	0	0	0	0	0	0	0	0	0	0	0	0	0	0
21045002-21045002_analysis_0	3	0	0	0	0	0	0	0	0	0	0	0	0	0
21045002-21045002_analysis_1	1	0	0	0	0	0	0	0	0	0	0	0	0	0
21045002-21045002_analysis_2	2	0	0	0	0	0	0	0	0	0	0	0	0	0
21045002-21045002_analysis_3	0	0	0	0	0	0	0	0	0	0	0	0	0	0
21045002-21045002_analysis_4	0	0	0	0	0	0	0	0	0	0	0	0	0	0
21048702-21048702_analysis_0	4	0	0	0	0	0	0	0	0	0	0	0	0	0
21111829-21111829_analysis_0	14	1	0	0	0	0	0	0	0	0	0	0	0	0
21111829-21111829_analysis_1	6	0	0	0	0	0	0	0	0	0	0	0	0	0
21115229-21115229_analysis_0	0	0	0	0	0	0	0	0	0	0	0	0	0	0
21115229-21115229_analysis_1	1	1	0	0	0	0	0	1	0	0	0	0	0	0
21115229-21115229_analysis_2	0	0	0	0	0	0	0	0	0	0	0	0	0	0
21162046-21162046_analysis_0	23	0	0	0	0	0	0	0	0	0	0	0	0	0
21162046-21162046_analysis_1	20	0	0	0	0	0	0	0	0	0	0	0	0	0
21162046-21162046_analysis_2	3	0	0	0	0	0	0	0	0	0	0	0	0	0
21169809-21169809_analysis_0	6	1	0	0	0	0	0	0	0	0	0	0	0	0
21185518-21185518_analysis_0	4	0	0	0	0	0	0	0	0	0	0	0	0	0
21185518-21185518_analysis_1	4	0	0	0	0	0	0	0	0	0	0	0	0	0
21185518-21185518_analysis_2	9	0	0	0	0	0	0	0	0	0	0	0	0	0
21199958-21199958_analysis_0	16	0	0	0	0	0	0	0	0	0	0	0	0	0
21199958-21199958_analysis_1	10	0	0	0	0	0	0	0	0	0	0	0	0	0
21199958-21199958_analysis_2	6	0	0	0	0	0	0	0	0	0	0	0	0	0
21199958-21199958_analysis_3	15	0	0	0	0	0	0	0	0	0	0	0	0	0
21219260-21219260_analysis_0	23	2	0	0	0	0	0	0	0	0	0	0	0	0
21223301-21223301_analysis_0	0	0	0	0	0	0	0	0	0	0	0	0	0	0
21223301-21223301_analysis_1	0	0	0	1	0	0	0	0	0	0	0	0	0	0
21223301-21223301_analysis_2	0	0	0	0	0	0	0	0	0	0	0	0	0	0
21223301-21223301_analysis_3	2	0	0	0	0	0	0	0	0	0	0	0	0	0
21248113-21248113_analysis_0	7	0	0	0	0	0	0	0	0	0	0	0	0	0
21261758-21261758_analysis_0	15	0	0	0	0	0	0	0	0	0	0	0	0	0
21261758-21261758_analysis_1	8	0	0	0	0	0	0	0	0	0	0	0	0	0
21292243-21292243_analysis_0	6	1	0	0	0	0	0	0	0	0	0	0	0	0
21292243-21292243_analysis_1	2	0	0	0	0	0	0	0	0	0	0	0	0	0
21333466-21333466_analysis_0	6	0	0	0	0	0	0	0	0	0	0	0	0	0
21440645-21440645_analysis_0	0	0	0	0	0	0	0	0	0	0	0	0	0	0
21440645-21440645_analysis_1	1	0	0	0	0	0	0	0	0	0	0	0	0	0
21440645-21440645_analysis_10	0	0	0	0	0	0	0	0	0	0	0	0	0	0
21440645-21440645_analysis_11	2	0	0	0	0	0	0	0	0	0	0	0	0	0
21440645-21440645_analysis_12	2	0	0	0	0	0	0	0	0	0	0	0	0	0
21440645-21440645_analysis_13	1	0	0	0	0	0	0	0	0	0	0	0	0	0
21440645-21440645_analysis_2	2	0	0	0	0	0	0	0	0	0	0	0	0	0
21440645-21440645_analysis_3	1	0	0	0	0	0	0	0	0	0	0	0	0	0
21440645-21440645_analysis_4	2	0	0	0	0	0	0	0	0	0	0	0	0	0
21440645-21440645_analysis_5	1	0	0	0	0	0	0	0	0	0	0	0	0	0
21440645-21440645_analysis_6	1	0	0	0	0	0	0	0	0	0	0	0	0	0
21440645-21440645_analysis_7	2	0	0	0	0	0	0	0	0	0	0	0	0	0
21440645-21440645_analysis_8	1	0	0	0	0	0	0	0	0	0	0	0	0	0
21440645-21440645_analysis_9	0	0	0	0	0	0	0	0	0	0	0	0	0	0
21464344-21464344_analysis_0	3	0	0	0	0	0	0	0	0	0	0	0	0	0
21464344-21464344_analysis_1	0	0	0	0	0	0	0	0	0	0	0	0	0	0
21464344-21464344_analysis_2	0	0	0	0	0	0	0	0	0	0	0	0	0	0
21466926-21466926_analysis_0	0	1	0	0	0	0	0	0	0	0	0	0	0	0
21466926-21466926_analysis_1	0	1	0	0	0	0	0	0	0	0	0	0	0	0
21466926-21466926_analysis_2	0	0	0	0	0	0	0	0	0	0	0	0	0	0
21466926-21466926_analysis_3	0	0	0	0	0	0	0	0	0	0	0	0	0	0
21466926-21466926_analysis_4	2	1	0	0	0	0	0	0	0	0	0	0	0	0
21466926-21466926_analysis_5	2	1	0	0	0	0	0	0	0	0	0	0	0	0
21466926-21466926_analysis_6	0	0	0	0	0	0	0	0	0	0	0	0	0	0
21466926-21466926_analysis_7	0	0	0	0	0	0	0	0	0	0	0	0	0	0
21593494-21593494_analysis_0	2	0	0	0	0	0	0	0	0	0	0	0	0	0
21593494-21593494_analysis_1	0	0	0	0	0	0	0	0	0	0	0	0	0	0
21593494-21593494_analysis_2	4	0	0	0	0	0	0	0	0	0	0	0	0	0
21593494-21593494_analysis_3	1	0	0	0	0	0	0	0	0	0	0	0	0	0
21599838-21599838_analysis_0	15	0	0	0	0	0	0	0	0	0	0	0	0	0
21599838-21599838_analysis_1	7	0	0	0	0	0	0	0	0	0	0	0	0	0
21677649-21677649_analysis_0	7	0	0	0	0	0	0	0	0	0	0	0	0	0
21677649-21677649_analysis_1	27	0	0	0	0	0	0	0	0	0	0	0	0	0
21764527-21764527_analysis_0	3	0	0	0	0	0	0	0	0	0	0	0	0	0
21764527-21764527_analysis_1	4	0	0	0	0	0	0	0	0	0	0	0	0	0
21790899-21790899_analysis_0	10	0	0	0	0	0	0	0	0	0	0	0	0	0
21790899-21790899_analysis_1	4	0	0	0	0	0	0	0	0	0	0	0	0	0
21790899-21790899_analysis_10	2	0	0	0	2	0	0	0	0	0	0	0	0	0
21790899-21790899_analysis_11	2	0	0	0	0	0	0	0	0	0	0	0	0	0
21790899-21790899_analysis_12	2	0	0	0	0	0	0	0	0	0	0	0	0	0
21790899-21790899_analysis_2	2	0	0	0	0	0	0	0	0	0	0	0	0	0
21790899-21790899_analysis_3	5	0	0	0	0	0	0	0	0	0	0	0	0	0
21790899-21790899_analysis_4	4	0	0	0	0	0	0	0	0	0	0	0	0	0
21790899-21790899_analysis_5	3	0	0	0	0	0	0	0	0	0	0	0	0	0
21790899-21790899_analysis_6	7	0	0	0	0	0	0	0	0	0	0	0	0	0
21790899-21790899_analysis_7	4	0	0	0	0	0	0	0	0	0	0	0	0	0
21790899-21790899_analysis_8	1	0	0	0	0	0	0	0	0	0	0	0	0	0
21790907-21790907_analysis_0	14	0	0	0	0	0	0	0	0	0	0	0	0	0
21790907-21790907_analysis_1	9	0	0	0	0	0	0	0	0	0	0	0	0	0
21859165-21859165_analysis_0	9	0	0	0	1	0	0	0	0	0	0	0	0	0
21859165-21859165_analysis_1	0	0	0	0	0	0	0	0	0	0	0	0	0	0
21859165-21859165_analysis_2	0	0	0	0	0	0	0	0	0	0	0	0	0	0
21859165-21859165_analysis_3	0	0	0	0	0	0	0	0	0	0	0	0	0	0
21859165-21859165_analysis_4	2	0	0	0	0	0	0	0	0	0	0	0	0	0
21859165-21859165_analysis_5	4	0	0	0	0	0	0	0	0	0	0	0	0	0
21859165-21859165_analysis_6	0	0	0	0	0	0	0	0	0	0	0	0	0	0
21859165-21859165_analysis_7	0	0	0	0	0	0	0	0	0	0	0	0	0	0
21859165-21859165_analysis_8	0	0	0	0	0	0	0	0	0	0	0	0	0	0
21926423-21926423_analysis_0	18	0	0	0	0	0	0	0	0	0	0	0	0	0
21993878-21993878_analysis_0	6	0	0	0	0	0	0	0	0	0	0	0	0	0
22006991-22006991_analysis_0	7	0	0	0	0	0	0	0	0	0	0	0	0	0
22006991-22006991_analysis_1	4	0	0	0	0	0	0	0	0	0	0	0	0	0
22006991-22006991_analysis_2	7	2	0	0	0	0	0	0	0	0	0	0	0	0
22006991-22006991_analysis_3	11	0	0	0	0	0	0	0	0	0	0	0	0	0
22006991-22006991_analysis_5	9	0	0	0	0	0	0	0	0	0	0	0	0	0
22006991-22006991_analysis_6	12	0	0	0	0	0	0	0	0	0	0	0	0	0
22006991-22006991_analysis_7	12	2	0	0	0	0	0	0	0	0	0	0	0	0
22028765-22028765_analysis_0	13	0	0	0	0	0	0	0	0	0	0	0	0	0
22097928-22097928_analysis_0	7	1	0	0	0	0	0	0	0	0	0	0	0	0
22114078-22114078_analysis_0	1	0	0	0	0	0	0	0	0	0	0	0	0	0
22114078-22114078_analysis_1	0	0	0	0	0	0	0	0	0	0	0	0	0	0
22114078-22114078_analysis_2	1	0	0	0	0	0	0	0	0	0	0	0	0	0
22155218-22155218_analysis_0	5	0	0	0	0	0	0	0	0	0	0	0	0	0
22155218-22155218_analysis_1	2	0	0	0	0	0	0	0	0	0	0	0	0	0
22206965-22206965_analysis_0	14	0	0	0	0	0	0	0	0	0	0	0	0	0
22206965-22206965_analysis_1	0	0	0	0	0	0	0	0	0	0	0	0	0	0
22206965-22206965_analysis_2	1	0	0	0	0	0	0	0	0	0	0	0	0	0
22209236-22209236_analysis_0	7	0	0	0	0	0	0	0	0	0	0	0	0	0
22209236-22209236_analysis_1	4	0	0	0	0	0	0	0	0	0	0	0	0	0
22209236-22209236_analysis_2	3	0	0	0	0	0	0	0	0	0	0	0	0	0
22227139-22227139_analysis_0	7	0	0	0	0	0	0	0	0	0	0	0	0	0
22230946-22230946_analysis_0	6	0	0	0	0	0	0	1	0	0	0	0	0	0
22234380-22234380_analysis_0	2	1	0	0	0	0	0	0	0	0	0	0	0	0
22234380-22234380_analysis_1	3	0	0	0	0	0	0	0	0	0	0	0	0	0
22234929-22234929_analysis_0	4	0	0	0	0	0	0	0	0	0	0	0	0	0
22264344-22264344_analysis_0	2	0	0	0	0	0	0	0	0	0	0	0	0	0
22264344-22264344_analysis_1	1	0	0	0	0	0	0	0	0	0	0	0	0	0
22264344-22264344_analysis_2	0	0	0	0	0	0	0	0	0	0	0	0	0	0
22264344-22264344_analysis_3	2	0	0	0	0	0	0	0	0	0	0	0	0	0
22264344-22264344_analysis_4	10	0	0	0	0	0	0	0	0	0	0	0	0	0
22264344-22264344_analysis_5	2	0	0	0	0	0	0	0	0	0	0	0	0	0
22281932-22281932_analysis_0	11	0	0	0	0	0	0	1	0	0	0	0	0	0
22281932-22281932_analysis_1	10	0	0	0	0	0	0	0	0	0	0	0	0	0
22281932-22281932_analysis_2	5	0	0	0	0	0	0	0	0	0	0	0	0	0
22281932-22281932_analysis_3	2	0	0	0	0	0	0	0	0	0	0	0	0	0
22281932-22281932_analysis_4	6	0	0	0	0	0	0	0	0	0	0	0	0	0
22281932-22281932_analysis_5	7	0	0	0	0	0	0	0	0	0	0	0	0	0
22288977-22288977_analysis_0	3	0	0	0	0	0	0	0	0	0	0	0	0	0
22288977-22288977_analysis_1	0	0	0	0	0	0	0	0	0	0	0	0	0	0
22288977-22288977_analysis_2	4	0	0	0	0	0	0	0	0	0	0	0	0	0
22288977-22288977_analysis_3	3	0	0	0	0	0	0	0	0	0	0	0	0	0
22288977-22288977_analysis_4	2	0	0	0	0	0	0	0	0	0	0	0	0	0
22294257-22294257_analysis_0	10	0	0	0	0	0	0	0	0	0	0	0	0	0
22329835-22329835_analysis_0	5	0	0	0	0	0	0	0	0	0	0	0	0	0
22329835-22329835_analysis_1	2	0	0	0	0	0	0	0	0	0	0	0	0	0
22329835-22329835_analysis_2	2	0	0	0	0	0	0	0	0	0	0	0	0	0
22329835-22329835_analysis_3	3	0	0	0	0	0	0	0	0	0	0	0	0	0
22338036-22338036_analysis_0	9	0	0	0	0	0	0	0	0	0	0	0	0	0
22381514-22381514_analysis_0	16	0	0	0	0	0	0	0	0	0	0	0	0	0
22406414-22406414_analysis_0	3	0	0	0	0	0	0	0	0	0	0	0	0	0
22406414-22406414_analysis_1	1	0	0	0	0	0	0	0	0	0	0	0	0	0
22406414-22406414_analysis_2	2	0	0	0	0	0	0	0	0	0	0	0	0	0
22406414-22406414_analysis_3	0	0	0	0	0	0	0	0	0	0	0	0	0	0
22448769-22448769_analysis_0	4	0	0	0	0	0	0	0	0	0	0	0	0	0
22450260-22450260_analysis_0	13	0	0	0	0	0	0	0	0	0	0	0	0	0
22450260-22450260_analysis_1	8	0	0	0	0	0	0	0	0	0	0	0	0	0
22450260-22450260_analysis_2	2	0	0	0	0	0	0	0	0	0	0	0	0	0
22458561-22458561_analysis_0	14	0	0	0	0	0	0	0	0	0	0	0	0	0
22458561-22458561_analysis_1	5	0	0	0	0	0	0	0	0	0	0	0	0	0
22458561-22458561_analysis_2	2	0	0	0	0	0	0	0	0	0	0	0	0	0
22458561-22458561_analysis_3	1	0	0	0	0	0	0	0	0	0	0	0	0	0
22458561-22458561_analysis_4	0	0	0	0	0	0	0	0	0	0	0	0	0	0
22461323-22461323_analysis_0	10	0	0	0	0	0	0	1	0	0	0	0	0	0
22461323-22461323_analysis_1	0	0	0	0	0	0	0	0	0	0	0	0	0	0
22461323-22461323_analysis_2	0	0	0	0	0	0	0	0	0	0	0	0	0	0
22461323-22461323_analysis_3	3	0	0	0	0	0	0	0	0	0	0	0	0	0
22461323-22461323_analysis_4	9	0	0	0	0	0	0	0	0	0	0	0	0	0
22476609-22476609_analysis_0	1	0	0	0	0	0	0	0	0	0	0	0	0	0
22476609-22476609_analysis_1	1	0	0	0	0	0	0	0	0	0	0	0	0	0
22476609-22476609_analysis_10	1	0	0	0	0	0	0	0	0	0	0	0	0	0
22476609-22476609_analysis_11	3	0	0	0	0	0	0	0	0	0	0	0	0	0
22476609-22476609_analysis_12	3	0	0	0	0	0	0	0	0	0	0	0	0	0
22476609-22476609_analysis_13	3	0	0	0	0	0	0	0	0	0	0	0	0	0
22476609-22476609_analysis_14	0	0	0	0	0	0	0	0	0	0	0	0	0	0
22476609-22476609_analysis_16	1	0	0	0	0	0	0	0	0	0	0	0	0	0
22476609-22476609_analysis_17	5	0	0	0	0	0	0	0	0	0	0	0	0	0
22476609-22476609_analysis_2	1	0	0	0	0	0	0	0	0	0	0	0	0	0
22476609-22476609_analysis_3	3	0	0	0	0	0	0	0	0	0	0	0	0	0
22476609-22476609_analysis_4	0	0	0	0	0	0	0	0	0	0	0	0	0	0
22476609-22476609_analysis_5	4	0	0	0	0	0	0	0	0	0	0	0	0	0
22476609-22476609_analysis_6	5	0	0	0	0	0	0	0	0	0	0	0	0	0
22476609-22476609_analysis_7	5	0	0	0	0	0	0	0	0	0	0	0	0	0
22476609-22476609_analysis_8	0	0	0	0	0	0	0	0	0	0	0	0	0	0
22476609-22476609_analysis_9	1	0	0	0	0	0	0	0	0	0	0	0	0	0
22483100-22483100_analysis_0	7	0	0	0	0	0	0	0	0	0	0	0	0	0
22483100-22483100_analysis_1	0	0	0	0	0	0	0	0	0	0	0	0	0	0
22483100-22483100_analysis_2	2	0	0	0	0	0	0	0	0	0	0	0	0	0
22504779-22504779_analysis_0	8	0	0	0	0	0	0	0	0	0	0	0	0	0
22504779-22504779_analysis_1	15	0	0	0	0	0	0	0	0	0	0	0	0	0
22504779-22504779_analysis_2	3	0	0	0	0	0	0	0	0	0	0	0	0	0
22505321-22505321_analysis_0	7	0	0	0	0	0	0	0	0	0	0	0	0	0
22505321-22505321_analysis_1	2	0	0	0	0	0	0	0	0	0	0	0	0	0
22505321-22505321_analysis_2	9	0	0	0	0	0	0	0	0	0	0	0	0	0
22505321-22505321_analysis_3	0	0	0	0	0	0	0	0	0	0	0	0	0	0
22542509-22542509_analysis_0	7	1	0	0	0	0	0	0	0	0	0	0	0	0
22542509-22542509_analysis_1	1	0	0	0	0	0	0	0	0	0	0	0	0	0
22542509-22542509_analysis_2	0	0	0	0	0	0	0	0	0	0	0	0	0	0
22574861-22574861_analysis_0	16	0	0	0	0	0	0	0	0	0	0	0	0	0
22574861-22574861_analysis_1	1	0	0	0	0	0	0	0	0	0	0	0	0	0
22576622-22576622_analysis_0	0	0	0	0	0	0	0	0	0	0	0	0	0	0
22576622-22576622_analysis_1	0	0	0	0	0	0	0	0	0	0	0	0	0	0
22580204-22580204_analysis_0	3	0	0	0	0	0	0	0	0	0	0	0	0	0
22580204-22580204_analysis_1	1	0	0	0	0	0	0	0	0	0	0	0	0	0
22580204-22580204_analysis_10	1	0	0	0	0	0	0	0	0	0	0	0	0	0
22580204-22580204_analysis_2	3	0	0	0	0	0	0	0	0	0	0	0	0	0
22580204-22580204_analysis_3	1	0	0	0	0	0	0	0	0	0	0	0	0	0
22580204-22580204_analysis_4	5	0	0	0	0	0	0	0	0	0	0	0	0	0
22580204-22580204_analysis_5	5	0	0	0	0	0	0	0	0	0	0	0	0	0
22580204-22580204_analysis_6	0	0	0	0	0	0	0	0	0	0	0	0	0	0
22580204-22580204_analysis_7	2	0	0	0	0	0	0	0	0	0	0	0	0	0
22580204-22580204_analysis_8	0	0	0	0	0	0	0	0	0	0	0	0	0	0
22580204-22580204_analysis_9	2	0	0	0	0	0	0	0	0	0	0	0	0	0
22591950-22591950_analysis_0	7	0	0	0	0	0	0	0	0	0	0	0	0	0
22591950-22591950_analysis_2	1	0	0	0	0	0	0	0	0	0	0	0	0	0
22591950-22591950_analysis_3	1	0	0	0	0	0	0	0	0	0	0	0	0	0
22606228-22606228_analysis_0	3	1	0	0	0	0	0	0	0	0	0	0	0	0
22606228-22606228_analysis_1	3	0	0	0	0	0	0	0	0	0	0	0	0	0
22606228-22606228_analysis_2	4	1	0	0	0	0	0	0	0	0	0	0	0	0
22698584-22698584_analysis_0	1	0	0	0	0	0	0	0	0	0	0	0	0	0
22759909-22759909_analysis_0	30	0	0	0	0	0	0	0	0	0	0	0	0	0
22759909-22759909_analysis_1	20	0	0	0	0	0	0	0	0	0	0	0	0	0
22819968-22819968_analysis_0	5	0	0	0	0	0	0	0	0	0	0	0	0	0
22819968-22819968_analysis_1	0	0	0	0	0	0	0	0	0	0	0	0	0	0
22850734-22850734_analysis_0	1	0	0	0	0	0	0	0	0	0	0	0	0	0
22860092-22860092_analysis_0	1	0	0	0	0	0	0	0	0	0	0	0	0	0
22860092-22860092_analysis_1	1	0	0	0	0	0	0	0	0	0	0	0	0	0
22860092-22860092_analysis_10	1	0	0	0	0	0	0	0	0	0	0	0	0	0
22860092-22860092_analysis_11	0	0	0	0	0	0	0	0	0	0	0	0	0	0
22860092-22860092_analysis_2	3	0	0	0	0	0	0	0	0	0	0	0	0	0
22860092-22860092_analysis_3	0	0	0	0	0	0	0	0	0	0	0	0	0	0
22860092-22860092_analysis_4	0	0	0	0	0	0	0	0	0	0	0	0	0	0
22860092-22860092_analysis_5	0	0	0	0	0	0	0	0	0	0	0	0	0	0
22860092-22860092_analysis_6	2	0	0	0	0	0	0	0	0	0	0	0	0	0
22860092-22860092_analysis_8	0	0	0	0	0	0	0	0	0	0	0	0	0	0
22860092-22860092_analysis_9	1	0	0	0	0	0	0	0	0	0	0	0	0	0
22890475-22890475_analysis_0	0	0	0	0	1	0	0	0	0	0	0	0	0	0
22890475-22890475_analysis_1	0	0	0	0	0	0	0	0	0	0	0	0	0	0
22890475-22890475_analysis_2	6	0	0	0	0	0	0	0	0	0	0	0	0	0
22890475-22890475_analysis_3	1	0	0	0	0	0	0	0	0	0	0	0	0	0
22890475-22890475_analysis_4	2	0	0	0	0	0	0	0	0	0	0	0	0	0
22913365-22913365_analysis_0	1	0	0	0	0	0	0	0	0	0	0	0	0	0
22921709-22921709_analysis_0	2	0	0	0	0	0	0	0	0	0	0	0	0	0
22928000-22928000_analysis_0	2	0	0	0	0	0	0	0	0	0	0	0	0	0
22957019-22957019_analysis_0	0	0	0	0	0	0	0	0	0	0	0	0	0	0
22957019-22957019_analysis_1	5	0	0	0	0	0	0	0	0	0	0	0	0	0
22957019-22957019_analysis_2	1	0	0	0	0	0	0	0	0	0	0	0	0	0
22960252-22960252_analysis_0	11	0	0	0	0	0	0	0	0	0	0	0	0	0
22960252-22960252_analysis_1	13	0	0	0	0	0	0	0	0	0	0	0	0	0
22974271-22974271_analysis_0	10	0	0	0	0	0	0	0	0	0	0	0	0	0
23061530-23061530_analysis_0	14	0	0	0	0	0	0	0	0	0	0	0	0	0
23078363-23078363_analysis_0	5	0	0	0	0	0	0	0	0	0	0	0	0	0
23078363-23078363_analysis_1	0	0	0	0	0	0	0	0	0	0	0	0	0	0
23078363-23078363_analysis_2	4	0	0	0	0	0	0	0	0	0	0	0	0	0
23078363-23078363_analysis_3	2	0	0	0	0	0	0	0	0	0	0	0	0	0
23128082-23128082_analysis_0	16	0	0	0	0	0	0	0	0	0	0	0	0	0
23128082-23128082_analysis_1	3	0	0	0	0	0	0	0	0	0	0	0	0	0
23128082-23128082_analysis_2	1	0	0	0	0	0	0	0	0	0	0	0	0	0
23131612-23131612_analysis_0	0	0	0	0	0	0	0	0	0	0	0	0	0	0
23131612-23131612_analysis_1	1	0	0	0	0	0	0	0	0	0	0	0	0	0
23154092-23154092_analysis_0	4	0	0	0	0	0	0	0	0	0	0	0	0	0
23154092-23154092_analysis_1	0	0	0	0	0	0	0	0	0	0	0	0	0	0
23155368-23155368_analysis_0	7	0	0	0	0	0	0	0	0	0	0	0	0	0
23155368-23155368_analysis_1	3	0	0	0	0	0	0	0	0	0	0	0	0	0
23188041-23188041_analysis_0	3	0	0	0	0	0	0	0	0	0	0	0	0	0
23188041-23188041_analysis_1	3	0	0	0	0	0	0	0	0	0	0	0	0	0
23221317-23221317_analysis_0	0	0	0	0	0	0	0	0	0	0	0	0	0	0
23221317-23221317_analysis_1	0	0	0	0	0	0	0	0	0	0	0	0	0	0
23221317-23221317_analysis_2	1	0	0	0	0	0	0	0	0	0	0	0	0	0
23221317-23221317_analysis_3	2	0	0	0	0	0	0	0	0	0	0	0	0	0
23221317-23221317_analysis_4	1	0	0	0	0	0	0	0	0	0	0	0	0	0
23221317-23221317_analysis_5	3	0	0	0	0	0	0	0	0	0	0	0	0	0
23221317-23221317_analysis_6	1	0	0	0	0	0	0	0	0	0	0	0	0	0
23221317-23221317_analysis_7	1	0	0	0	0	0	0	0	0	0	0	0	0	0
23221317-23221317_analysis_8	0	0	0	0	0	0	0	0	0	0	0	0	0	0
23221317-23221317_analysis_9	0	0	0	0	0	0	0	0	0	0	0	0	0	0
23245948-23245948_analysis_0	8	0	0	0	0	0	0	0	0	0	0	0	0	0
23245948-23245948_analysis_1	5	0	0	0	0	0	0	0	0	0	0	0	0	0
23245948-23245948_analysis_2	4	0	0	0	0	0	0	0	0	0	0	0	0	0
23245948-23245948_analysis_3	2	0	0	0	0	0	0	0	0	0	0	0	0	0
23245948-23245948_analysis_4	2	0	0	0	0	0	0	0	0	0	0	0	0	0
23261871-23261871_analysis_0	2	1	0	0	0	0	0	0	0	0	0	0	0	0
23261871-23261871_analysis_1	0	0	0	0	0	0	0	0	0	0	0	0	0	0
23261871-23261871_analysis_2	1	0	0	0	0	0	0	0	0	0	0	0	0	0
23261871-23261871_analysis_3	2	0	0	0	0	0	0	0	0	0	0	0	0	0
23261871-23261871_analysis_4	1	0	0	0	0	0	0	0	0	0	0	0	0	0
23261871-23261871_analysis_5	3	0	0	0	0	0	0	0	0	0	0	0	0	0
23261871-23261871_analysis_6	2	0	0	0	0	0	0	0	0	0	0	0	0	0
23261871-23261871_analysis_7	0	0	0	0	0	0	0	0	0	0	0	0	0	0
23307469-23307469_analysis_0	1	0	0	0	0	0	0	0	0	0	0	0	0	0
23307469-23307469_analysis_1	0	0	0	0	0	0	0	0	0	0	0	0	0	0
23307469-23307469_analysis_2	1	0	0	0	0	0	0	0	0	0	0	0	0	0
23307469-23307469_analysis_3	0	0	0	0	0	0	0	0	0	0	0	0	0	0
23307469-23307469_analysis_4	4	0	0	0	0	0	0	0	0	0	0	0	0	0
23307469-23307469_analysis_5	0	0	0	0	0	0	0	0	0	0	0	0	0	0
23307469-23307469_analysis_6	0	0	0	0	0	0	0	0	0	0	0	0	0	0
23307469-23307469_analysis_7	2	0	0	0	0	0	0	0	0	0	0	0	0	0
23307469-23307469_analysis_8	0	0	0	0	0	0	0	0	0	0	0	0	0	0
23313402-23313402_analysis_0	3	1	0	0	0	0	0	0	0	0	0	0	0	0
23313402-23313402_analysis_1	4	0	0	1	0	0	0	0	0	0	0	0	0	0
23313402-23313402_analysis_2	5	0	0	0	0	0	0	0	0	0	0	0	0	0
23313402-23313402_analysis_3	2	0	0	0	0	0	0	0	0	0	0	0	0	0
23313402-23313402_analysis_4	2	0	0	0	0	0	0	0	0	0	0	0	0	0
23325372-23325372_analysis_0	0	0	0	0	0	0	0	0	0	0	0	0	0	0
23325372-23325372_analysis_1	0	0	0	0	0	0	0	0	0	0	0	0	0	0
23325372-23325372_analysis_2	1	0	0	0	0	0	0	0	0	0	0	0	0	0
23325372-23325372_analysis_3	1	0	0	0	0	0	0	0	0	0	0	0	0	0
23364016-23364016_analysis_0	2	0	0	0	0	0	0	0	0	0	0	0	0	0
23364016-23364016_analysis_1	1	0	0	0	0	0	0	0	0	0	0	0	0	0
23364016-23364016_analysis_2	5	0	0	0	0	0	0	0	0	0	0	0	0	0
23364016-23364016_analysis_3	1	0	0	0	0	0	0	0	0	0	0	0	0	0
23364016-23364016_analysis_4	1	0	0	0	0	0	0	0	0	0	0	0	0	0
23364016-23364016_analysis_5	3	0	0	0	0	0	0	0	0	0	0	0	0	0
23364016-23364016_analysis_6	1	0	0	0	0	0	0	0	0	0	0	0	0	0
23364016-23364016_analysis_7	0	0	0	0	0	0	0	0	0	0	0	0	0	0
23382517-23382517_analysis_0	7	0	0	0	0	0	0	0	0	0	0	0	0	0
23382517-23382517_analysis_1	1	0	0	0	0	0	0	0	0	0	0	0	0	0
23384371-23384371_analysis_0	13	0	0	0	0	0	0	0	0	0	0	0	0	0
23384371-23384371_analysis_1	20	0	0	0	0	0	0	0	0	0	0	0	0	0
23389755-23389755_analysis_0	5	0	0	0	0	0	0	0	0	0	0	0	0	0
23408738-23408738_analysis_0	12	0	0	0	0	0	0	0	0	0	0	0	0	0
23421569-23421569_analysis_0	1	0	0	0	0	0	0	0	0	0	0	0	0	0
23421569-23421569_analysis_1	2	0	0	0	0	0	0	0	0	0	0	0	0	0
23497788-23497788_analysis_0	14	0	0	0	0	0	0	0	0	0	0	0	0	0
23497788-23497788_analysis_1	5	0	0	0	0	0	0	0	0	0	0	0	0	0
23566308-23566308_analysis_0	7	0	0	0	0	0	0	0	0	0	0	0	0	0
23566308-23566308_analysis_1	13	1	0	0	0	0	0	1	0	0	0	0	0	0
23566308-23566308_analysis_2	10	1	0	0	0	0	0	1	0	0	0	0	0	0
23567923-23567923_analysis_0	9	0	0	0	0	0	0	0	0	0	0	0	0	0
23571420-23571420_analysis_0	2	0	0	0	0	1	0	0	0	0	0	1	0	0
23571420-23571420_analysis_1	0	0	0	0	0	0	0	0	0	0	0	0	0	0
23571420-23571420_analysis_2	1	0	0	0	0	0	0	0	0	0	0	0	0	0
23571420-23571420_analysis_3	2	0	0	0	0	0	0	0	0	0	0	0	0	0
23571420-23571420_analysis_4	4	0	0	0	0	0	0	0	0	0	0	0	0	0
23636842-23636842_analysis_0	5	0	0	0	0	0	0	0	0	1	0	0	0	0
23667541-23667541_analysis_0	11	2	0	0	0	0	0	0	0	0	0	0	0	0
23667541-23667541_analysis_1	0	0	0	0	0	0	0	0	0	0	0	0	0	0
23673865-23673865_analysis_0	4	0	0	0	0	0	0	0	0	0	0	0	0	0
23673865-23673865_analysis_1	1	0	0	0	0	0	0	0	0	0	0	0	0	0
23674246-23674246_analysis_0	14	1	0	0	0	0	0	0	0	0	0	0	0	0
23674246-23674246_analysis_1	7	0	0	0	0	0	0	0	0	0	0	0	0	0
23674246-23674246_analysis_2	12	1	0	0	0	0	0	0	0	0	0	0	0	0
23674246-23674246_analysis_3	0	0	0	0	0	0	0	0	0	0	0	0	0	0
23683790-23683790_analysis_0	2	0	0	0	0	0	0	0	0	0	0	0	0	0
23683790-23683790_analysis_1	0	0	0	0	0	0	0	0	0	0	0	0	0	0
23708507-23708507_analysis_0	4	0	0	0	0	0	0	0	0	0	0	0	0	0
23708507-23708507_analysis_1	3	0	0	0	0	0	0	0	0	0	0	0	0	0
23708507-23708507_analysis_2	0	0	0	0	0	0	0	0	0	0	0	0	0	0
23708507-23708507_analysis_3	2	0	0	0	0	0	0	0	0	0	0	0	0	0
23708507-23708507_analysis_4	0	0	0	0	0	0	0	0	0	0	0	0	0	0
23708507-23708507_analysis_5	0	0	0	0	0	0	0	0	0	0	0	0	0	0
23708507-23708507_analysis_6	0	0	0	0	0	0	0	0	0	0	0	0	0	0
23708507-23708507_analysis_7	1	0	0	0	0	0	0	0	0	0	0	0	0	0
23708507-23708507_analysis_8	3	0	0	0	0	0	0	0	0	0	0	0	0	0
23778853-23778853_analysis_0	1	0	0	0	0	0	0	0	0	0	0	0	0	0
23778853-23778853_analysis_1	4	0	0	0	0	0	0	0	0	0	0	0	0	0
23806873-23806873_analysis_0	16	1	0	0	0	0	0	0	0	0	0	0	0	0
23806873-23806873_analysis_1	3	0	0	0	0	0	0	0	0	0	0	0	0	0
23836764-23836764_analysis_0	0	0	0	0	0	0	0	0	0	0	0	0	0	0
23836764-23836764_analysis_1	18	0	0	0	1	0	0	0	0	0	0	0	0	0
23836764-23836764_analysis_2	5	0	0	0	0	0	0	0	0	0	0	0	0	0
23836764-23836764_analysis_3	4	0	0	0	0	0	0	0	0	0	0	0	0	0
23836764-23836764_analysis_4	3	0	0	0	0	0	0	0	0	0	0	0	0	0
23836764-23836764_analysis_5	6	0	0	0	0	0	0	0	0	0	0	0	0	0
23836764-23836764_analysis_6	0	0	0	0	0	0	0	0	0	0	0	0	0	0
23836764-23836764_analysis_7	0	0	0	0	0	0	0	0	0	0	0	0	0	0
23861816-23861816_analysis_0	6	0	0	0	0	0	0	0	0	0	0	0	0	0
23876228-23876228_analysis_0	4	0	0	0	0	0	0	0	0	0	0	0	0	0
23876228-23876228_analysis_1	4	0	0	0	0	0	0	0	0	0	0	0	0	0
23876228-23876228_analysis_2	0	0	0	0	0	0	0	0	0	0	0	0	0	0
23876228-23876228_analysis_3	1	1	0	0	0	0	0	0	0	0	0	0	0	0
23876228-23876228_analysis_4	5	0	0	0	0	0	0	0	0	0	0	0	0	0
23876228-23876228_analysis_5	2	0	0	0	0	0	0	0	0	0	0	0	0	0
23918376-23918376_analysis_0	3	0	0	0	0	0	0	0	0	0	0	0	0	0
23924756-23924756_analysis_0	0	0	0	0	0	0	0	0	0	0	0	0	0	0
23924756-23924756_analysis_1	0	0	0	0	0	0	0	0	0	0	0	0	0	0
23924756-23924756_analysis_2	2	0	0	0	0	0	0	0	0	0	0	0	0	0
23924756-23924756_analysis_4	1	0	0	0	0	0	0	0	0	0	0	0	0	0
23924756-23924756_analysis_5	0	0	0	0	0	0	0	0	0	0	0	0	0	0
23924756-23924756_analysis_7	1	0	0	0	0	0	0	0	0	0	0	0	0	0
23924756-23924756_analysis_8	2	0	0	0	0	0	0	0	0	0	0	0	0	0
23929709-23929709_analysis_0	8	0	0	0	0	0	0	0	0	0	0	0	0	0
23954410-23954410_analysis_0	19	0	0	0	0	0	0	0	0	0	0	0	0	0
23954410-23954410_analysis_1	8	0	0	0	0	0	0	0	0	0	0	0	0	0
23954410-23954410_analysis_2	5	0	0	0	0	0	0	0	0	0	0	0	0	0
23996457-23996457_analysis_0	5	0	0	0	0	0	0	0	0	0	0	0	0	0
23996457-23996457_analysis_1	0	0	0	0	0	0	0	0	0	0	0	0	0	0
24035535-24035535_analysis_0	7	0	0	0	0	0	0	0	0	0	0	0	0	0
24035535-24035535_analysis_1	0	0	0	0	0	0	0	0	0	0	0	0	0	0
24035535-24035535_analysis_2	5	0	0	0	0	0	0	0	0	0	0	0	0	0
24035535-24035535_analysis_3	2	0	0	0	0	0	0	0	0	0	0	0	0	0
24035535-24035535_analysis_4	2	0	0	0	0	0	0	0	0	0	0	0	0	0
24035535-24035535_analysis_5	2	0	0	0	0	0	0	0	0	0	0	0	0	0
24035535-24035535_analysis_6	2	0	0	0	0	0	0	0	0	0	0	0	0	0
24039715-24039715_analysis_0	7	0	0	0	0	0	0	0	0	0	0	0	0	0
24086758-24086758_analysis_0	3	0	0	0	0	0	0	0	0	0	0	0	0	0
24086758-24086758_analysis_1	1	0	0	0	0	0	0	0	0	0	0	0	0	0
24086758-24086758_analysis_2	1	0	0	0	0	0	0	0	0	0	0	0	0	0
24086758-24086758_analysis_3	5	0	0	0	0	0	0	0	0	0	0	0	0	0
24086758-24086758_analysis_4	0	0	0	0	0	0	0	0	0	0	0	0	0	0
24086758-24086758_analysis_5	4	0	0	0	0	0	0	0	0	0	0	0	0	0
24086758-24086758_analysis_6	3	0	0	0	0	0	0	0	0	0	0	0	0	0
24140399-24140399_analysis_0	47	0	0	0	0	0	0	0	0	0	0	0	0	0
24164291-24164291_analysis_0	4	0	0	0	0	0	0	0	0	0	0	0	0	0
24164291-24164291_analysis_1	2	0	0	0	0	0	0	0	0	0	0	0	0	0
24183133-24183133_analysis_1	1	0	0	0	0	0	0	0	0	0	0	0	0	0
24183133-24183133_analysis_2	1	0	0	0	0	0	0	0	0	0	0	0	0	0
24183133-24183133_analysis_3	2	0	0	0	0	0	0	0	0	0	0	0	0	0
24183133-24183133_analysis_4	0	0	0	0	0	0	0	0	0	0	0	0	0	0
24183133-24183133_analysis_5	1	0	0	0	0	0	0	0	0	0	0	0	0	0
24186078-24186078_analysis_0	3	0	0	0	0	0	0	0	0	0	0	0	0	0
24186078-24186078_analysis_1	5	0	0	0	0	0	0	0	0	0	0	0	0	0
24186078-24186078_analysis_2	2	0	0	0	0	0	0	0	0	0	0	0	0	0
24238299-24238299_analysis_0	1	0	0	0	0	0	0	0	0	0	0	0	0	0
24238299-24238299_analysis_1	0	0	0	0	0	0	0	0	0	0	0	0	0	0
24238299-24238299_analysis_10	3	1	0	0	0	0	0	0	0	0	0	0	0	0
24238299-24238299_analysis_11	2	0	0	0	0	0	0	0	0	0	0	0	0	0
24238299-24238299_analysis_12	1	0	0	0	0	0	0	0	0	0	0	0	0	0
24238299-24238299_analysis_13	3	0	0	0	0	0	0	0	0	0	0	0	0	0
24238299-24238299_analysis_14	2	0	0	0	0	0	0	0	0	0	0	0	0	0
24238299-24238299_analysis_15	4	0	0	0	0	0	0	0	0	0	0	0	0	0
24238299-24238299_analysis_16	2	0	0	0	0	0	0	0	0	0	0	0	0	0
24238299-24238299_analysis_17	6	0	0	0	0	0	0	0	0	0	0	0	0	0
24238299-24238299_analysis_18	0	0	0	0	0	0	0	0	0	0	0	0	0	0
24238299-24238299_analysis_2	1	0	0	0	0	0	0	0	0	0	0	0	0	0
24238299-24238299_analysis_20	0	0	0	0	0	0	0	0	0	0	0	0	0	0
24238299-24238299_analysis_3	0	0	0	0	0	0	0	0	0	0	0	0	0	0
24238299-24238299_analysis_4	0	0	0	0	0	0	0	0	0	0	0	0	0	0
24238299-24238299_analysis_5	3	1	0	0	0	0	0	0	0	0	0	0	0	0
24238299-24238299_analysis_6	0	0	0	0	0	0	0	0	0	0	0	0	0	0
24238299-24238299_analysis_7	3	0	0	0	0	0	0	0	0	0	0	0	0	0
24238299-24238299_analysis_8	0	0	0	0	0	0	0	0	0	0	0	0	0	0
24238299-24238299_analysis_9	0	0	0	0	0	0	0	0	0	0	0	0	0	0
24261848-24261848_analysis_0	2	0	0	0	0	0	0	0	0	0	0	0	0	0
24261848-24261848_analysis_1	1	0	0	0	0	0	0	0	0	0	0	0	0	0
24261848-24261848_analysis_2	0	0	0	0	0	0	0	0	0	0	0	0	0	0
24275010-24275010_analysis_0	7	0	0	0	0	0	0	0	0	0	0	0	0	0
24275010-24275010_analysis_1	10	0	0	0	0	0	0	0	0	0	0	0	0	0
24275010-24275010_analysis_3	0	0	0	0	0	0	0	0	0	0	0	0	0	0
24304235-24304235_analysis_0	1	0	0	0	0	0	0	0	0	0	0	0	0	0
24354662-24354662_analysis_0	6	0	0	0	0	0	0	0	0	0	0	0	0	0
24361634-24361634_analysis_0	5	0	0	0	0	0	0	0	0	0	0	0	0	0
24361634-24361634_analysis_1	12	0	0	0	0	0	0	0	0	0	0	0	0	0
24361634-24361634_analysis_2	1	0	0	0	0	0	0	0	0	0	0	0	0	0
24361634-24361634_analysis_3	4	0	0	0	0	0	0	0	0	0	0	0	0	0
24361634-24361634_analysis_4	2	0	0	0	0	0	0	0	0	0	0	0	0	0
24367675-24367675_analysis_0	3	0	0	0	0	0	0	0	0	0	0	0	0	0
24376278-24376278_analysis_0	9	0	0	0	0	0	0	0	0	0	0	0	0	0
24392892-24392892_analysis_0	4	0	0	0	1	0	0	0	0	0	0	0	0	0
24392892-24392892_analysis_1	2	0	0	0	0	0	0	0	0	0	0	0	0	0
24392892-24392892_analysis_2	1	0	0	0	0	0	0	0	0	0	0	0	0	0
24392892-24392892_analysis_3	6	0	0	0	1	0	0	0	0	0	0	0	0	0
24392892-24392892_analysis_4	6	0	0	0	0	0	0	0	0	0	0	0	0	0
24392892-24392892_analysis_5	2	0	0	0	0	0	0	0	0	0	0	0	0	0
24392892-24392892_analysis_6	1	0	0	0	0	0	0	0	0	0	0	0	0	0
24411804-24411804_analysis_0	4	0	0	0	0	0	0	0	0	0	0	0	0	0
24411804-24411804_analysis_1	0	0	0	0	0	0	0	0	0	0	0	0	0	0
24411804-24411804_analysis_2	1	0	0	0	0	0	0	0	0	0	0	0	0	0
24411804-24411804_analysis_3	2	0	0	0	0	0	0	0	0	0	0	0	0	0
24411804-24411804_analysis_4	1	0	0	0	0	0	0	0	0	0	0	0	0	0
24465445-24465445_analysis_0	28	2	0	2	0	0	0	1	0	1	0	0	0	0
24465445-24465445_analysis_1	10	2	0	1	0	0	0	0	0	0	0	0	0	0
24465445-24465445_analysis_2	5	0	0	0	0	0	0	0	0	0	0	0	0	0
24465445-24465445_analysis_3	5	1	0	0	0	0	0	0	0	0	0	0	0	0
24505440-24505440_analysis_0	0	0	0	0	0	0	0	0	0	0	0	0	0	0
24529072-24529072_analysis_0	3	0	0	0	0	0	0	0	0	0	0	0	0	0
24529072-24529072_analysis_1	3	0	0	0	0	0	0	0	0	0	0	0	0	0
24570145-24570145_analysis_0	3	0	0	0	0	0	0	0	0	0	0	0	0	0
24583185-24583185_analysis_0	5	0	0	0	0	0	0	0	0	0	0	0	0	0
24583185-24583185_analysis_1	0	0	0	0	0	0	0	0	0	0	0	0	0	0
24583185-24583185_analysis_10	0	0	0	0	0	0	0	0	0	0	0	0	0	0
24583185-24583185_analysis_11	0	0	0	0	0	0	0	0	0	0	0	0	0	0
24583185-24583185_analysis_12	0	0	0	0	0	0	0	0	0	0	0	0	0	0
24583185-24583185_analysis_13	0	0	0	0	0	0	0	0	0	0	0	0	0	0
24583185-24583185_analysis_14	2	0	0	0	0	0	0	0	0	0	0	0	0	0
24583185-24583185_analysis_2	0	0	0	0	0	0	0	0	0	0	0	0	0	0
24583185-24583185_analysis_3	0	0	0	0	0	0	0	0	0	0	0	0	0	0
24583185-24583185_analysis_4	8	0	0	0	0	0	0	0	0	0	0	0	0	0
24583185-24583185_analysis_5	0	0	0	0	0	0	0	0	0	0	0	0	0	0
24583185-24583185_analysis_6	4	0	0	0	0	0	0	0	0	0	0	0	0	0
24583185-24583185_analysis_7	4	0	0	0	0	0	0	0	0	0	0	0	0	0
24583185-24583185_analysis_8	4	0	0	0	0	0	0	0	0	0	0	0	0	0
24583185-24583185_analysis_9	1	0	0	0	0	0	0	0	0	0	0	0	0	0
24659022-24659022_analysis_0	5	0	0	0	0	0	0	0	0	0	0	0	0	0
24683509-24683509_analysis_0	2	0	0	0	0	0	0	0	0	0	0	0	0	0
24695721-24695721_analysis_0	12	0	0	0	0	0	0	0	0	0	0	0	0	0
24754423-24754423_analysis_0	1	0	0	0	0	0	0	0	0	0	0	0	0	0
24754423-24754423_analysis_1	1	0	0	0	0	0	0	0	0	0	0	0	0	0
24754423-24754423_analysis_2	1	0	0	0	0	0	0	0	0	0	0	0	0	0
24754423-24754423_analysis_3	0	0	0	0	0	0	0	0	0	0	0	0	0	0
24754423-24754423_analysis_4	1	0	0	0	0	0	0	0	0	0	0	0	0	0
24754423-24754423_analysis_5	1	0	0	0	0	0	0	0	0	0	0	0	0	0
24796492-24796492_analysis_0	2	0	0	0	0	0	0	0	0	0	0	0	0	0
24838032-24838032_analysis_0	2	0	0	0	0	0	0	0	0	0	0	0	0	0
24838032-24838032_analysis_1	7	0	0	0	0	0	0	0	0	0	0	0	0	0
24838032-24838032_analysis_2	2	0	0	0	0	0	0	0	0	0	0	0	0	0
24903650-24903650_analysis_0	3	0	0	0	1	0	0	0	0	0	0	0	0	1
24903650-24903650_analysis_1	6	0	0	0	0	0	0	0	0	0	0	0	0	0
24914005-24914005_analysis_0	1	0	0	0	0	0	0	0	0	0	0	0	0	0
24914005-24914005_analysis_1	1	0	0	0	0	0	0	0	0	0	0	0	0	0
24914005-24914005_analysis_2	1	0	0	0	0	0	0	0	0	0	0	0	0	0
24939441-24939441_analysis_0	0	0	0	0	0	0	0	0	0	0	0	0	0	0
24939441-24939441_analysis_1	3	0	0	0	0	0	0	0	0	0	0	0	0	0
24939441-24939441_analysis_2	3	0	0	0	0	0	0	0	0	0	0	0	0	0
24939441-24939441_analysis_3	2	0	0	0	0	0	0	0	0	0	0	0	0	0
24944870-24944870_analysis_0	11	0	0	0	0	0	0	0	0	0	0	0	0	0
24949564-24949564_analysis_0	0	0	0	0	0	0	0	0	0	0	0	0	0	0
24949564-24949564_analysis_1	1	0	0	0	0	0	0	0	0	0	0	0	0	0
24949564-24949564_analysis_2	2	0	0	0	0	0	0	0	0	0	0	0	0	0
24949564-24949564_analysis_3	5	0	0	0	0	0	0	0	0	0	0	0	0	0
24988265-24988265_analysis_0	0	0	0	0	0	0	0	0	0	0	0	0	0	0
24988265-24988265_analysis_1	0	0	0	0	0	0	0	0	0	0	0	0	0	0
24988265-24988265_analysis_2	1	0	0	0	0	0	0	0	0	0	0	0	0	0
24988265-24988265_analysis_3	1	0	0	0	0	0	0	0	0	0	0	0	0	0
24988265-24988265_analysis_4	0	0	0	0	0	0	0	0	0	0	0	0	0	0
24988265-24988265_analysis_5	1	0	0	0	0	0	0	0	0	0	0	0	0	0
25035299-25035299_analysis_0	3	0	0	0	0	0	0	0	0	0	0	0	0	0
25035299-25035299_analysis_1	3	0	0	0	0	0	0	0	0	0	0	0	0	0
25035299-25035299_analysis_2	3	0	0	0	0	0	0	0	0	0	0	0	0	0
25035299-25035299_analysis_3	3	0	0	0	0	0	0	0	0	0	0	0	0	0
25035299-25035299_analysis_4	5	0	0	0	0	0	0	0	0	0	0	0	0	0
25062455-25062455_analysis_0	2	0	0	0	0	0	0	0	0	0	0	0	0	0
25062455-25062455_analysis_1	2	0	0	0	0	0	0	0	0	0	0	0	0	0
25062455-25062455_analysis_2	2	0	0	0	0	0	0	0	0	0	0	0	0	0
25062455-25062455_analysis_3	0	0	0	0	0	0	0	0	0	0	0	0	0	0
25062455-25062455_analysis_4	1	0	0	0	0	0	0	0	0	0	0	0	0	0
25062455-25062455_analysis_5	1	0	0	0	0	0	0	0	0	0	0	0	0	0
25142207-25142207_analysis_0	5	0	0	0	0	0	0	0	0	0	0	0	0	0
25142207-25142207_analysis_1	5	0	0	0	0	0	0	0	0	0	0	0	0	0
25142207-25142207_analysis_2	5	0	0	0	0	0	0	0	0	0	0	0	0	0
25142207-25142207_analysis_3	5	0	0	0	0	0	0	0	0	0	0	0	0	0
25142207-25142207_analysis_4	4	0	0	0	0	0	0	0	0	0	0	0	0	0
25142207-25142207_analysis_5	0	0	0	0	0	0	0	0	0	0	0	0	0	0
25142207-25142207_analysis_6	0	0	0	0	0	0	0	0	0	0	0	0	0	0
25142207-25142207_analysis_7	0	0	0	0	0	0	0	0	0	0	0	0	0	0
25142207-25142207_analysis_8	1	0	0	0	0	0	0	0	0	0	0	0	0	0
25155889-25155889_analysis_0	3	0	0	0	0	0	0	0	0	0	0	0	0	0
25214317-25214317_analysis_0	1	0	0	0	0	0	0	0	0	0	0	0	0	0
25214317-25214317_analysis_1	0	0	0	0	0	0	0	0	0	0	0	0	0	0
25214317-25214317_analysis_2	1	0	0	0	0	0	0	0	0	0	0	0	0	0
25214317-25214317_analysis_3	0	0	0	0	0	0	0	0	0	0	0	0	0	0
25214317-25214317_analysis_4	2	0	0	0	0	0	0	0	0	0	0	0	0	0
25214317-25214317_analysis_5	1	0	0	0	0	0	0	0	0	0	0	0	0	0
25214317-25214317_analysis_6	0	0	0	0	0	0	0	0	0	0	0	0	0	0
25214317-25214317_analysis_7	1	0	0	0	0	0	0	0	0	0	0	0	0	0
25214465-25214465_analysis_0	18	0	0	0	0	0	0	0	0	0	0	0	0	0
25214465-25214465_analysis_1	1	0	0	0	0	0	0	0	0	0	0	0	0	0
25228353-25228353_analysis_0	3	0	0	0	0	0	0	0	0	0	0	0	0	0
25228353-25228353_analysis_1	0	0	0	0	0	0	0	0	0	0	0	0	0	0
25228353-25228353_analysis_3	3	0	0	0	0	0	0	0	0	0	0	0	0	0
25228353-25228353_analysis_4	1	0	0	0	0	0	0	0	0	0	0	0	0	0
25279500-25279500_analysis_0	6	0	0	0	0	0	0	0	0	0	0	0	0	0
25279500-25279500_analysis_1	0	0	0	0	0	0	0	0	0	0	0	0	0	0
25279500-25279500_analysis_2	0	0	0	0	0	0	0	0	0	0	0	0	0	0
25279500-25279500_analysis_3	1	0	0	0	0	0	0	0	0	0	0	0	0	0
25279500-25279500_analysis_4	3	0	0	0	0	0	0	0	0	0	0	0	0	0
25279500-25279500_analysis_7	4	0	0	0	0	0	0	0	0	0	0	0	0	0
25279500-25279500_analysis_8	0	0	0	0	0	0	0	0	0	0	0	0	0	0
25279500-25279500_analysis_9	2	0	0	0	0	0	0	0	0	0	0	0	0	0
25282597-25282597_analysis_0	9	0	0	0	0	0	0	0	0	0	0	0	0	0
25282597-25282597_analysis_1	2	0	0	0	0	0	0	0	0	0	0	0	0	0
25285373-25285373_analysis_0	11	0	0	0	0	0	0	0	0	0	0	0	0	0
25285373-25285373_analysis_1	23	1	0	0	0	0	0	0	0	0	0	0	0	0
25285373-25285373_analysis_2	5	0	0	0	0	0	0	0	0	0	0	0	0	0
25339705-25339705_analysis_0	2	0	0	0	0	0	0	0	0	0	0	0	0	0
25339705-25339705_analysis_1	2	0	0	0	0	0	0	0	0	0	0	0	0	0
25339705-25339705_analysis_2	1	0	0	0	0	0	0	0	0	0	0	0	0	0
25339705-25339705_analysis_3	1	0	0	0	0	0	0	0	0	0	0	0	0	0
25339705-25339705_analysis_4	4	0	0	0	0	0	0	0	0	0	0	0	0	0
25339705-25339705_analysis_5	6	0	0	0	0	0	0	0	0	0	0	0	0	0
25339705-25339705_analysis_6	3	0	0	0	0	0	0	0	0	0	0	0	0	0
25365800-25365800_analysis_0	6	0	0	0	0	0	0	0	0	0	0	0	0	0
25421512-25421512_analysis_0	5	0	0	0	0	0	0	0	0	0	0	0	0	0
25515775-25515775_analysis_0	1	0	0	0	0	0	0	0	0	0	0	0	0	0
25516371-25516371_analysis_0	1	0	0	0	0	0	0	0	0	0	0	0	0	0
25528694-25528694_analysis_0	0	0	0	0	0	0	0	0	0	0	0	0	0	0
25528694-25528694_analysis_1	0	0	0	0	0	0	0	0	0	0	0	0	0	0
25528694-25528694_analysis_2	0	0	0	0	0	0	0	0	0	0	0	0	0	0
25536500-25536500_analysis_0	5	0	0	0	0	0	0	0	0	0	0	0	0	0
25536500-25536500_analysis_1	5	0	0	0	0	0	0	0	0	0	0	0	0	0
25536500-25536500_analysis_2	0	0	0	0	0	0	0	0	0	0	0	0	0	0
25536500-25536500_analysis_3	8	0	0	1	0	0	0	0	0	0	0	0	0	0
25536500-25536500_analysis_4	3	0	0	0	1	0	0	0	0	0	0	0	0	0
25536500-25536500_analysis_5	0	0	0	0	0	0	0	0	0	0	0	0	0	0
25536500-25536500_analysis_6	6	0	0	0	0	0	0	0	0	0	0	0	0	0
25536500-25536500_analysis_7	1	0	0	0	0	0	0	0	0	0	0	0	0	0
25564288-25564288_analysis_0	12	0	0	0	0	0	0	0	0	0	0	0	0	0
25564288-25564288_analysis_1	14	0	0	0	0	0	0	0	0	0	0	0	0	0
25567427-25567427_analysis_0	1	0	0	0	0	0	0	0	0	0	0	0	0	0
25567427-25567427_analysis_1	1	0	0	0	0	0	0	0	0	0	0	0	0	0
25658479-25658479_analysis_0	4	0	0	0	0	0	0	0	0	0	0	0	0	0
25658479-25658479_analysis_1	3	0	0	0	0	0	0	0	0	0	0	0	0	0
25658479-25658479_analysis_2	1	0	0	0	0	0	0	0	0	0	0	0	0	0
25658479-25658479_analysis_3	2	0	0	0	0	0	0	0	0	0	0	0	0	0
25658479-25658479_analysis_4	4	1	0	0	0	0	0	0	0	0	0	0	0	0
25697860-25697860_analysis_0	7	0	0	0	0	0	0	0	0	0	0	0	0	0
25761006-25761006_analysis_0	0	0	0	0	0	0	0	0	0	0	0	0	0	0
25761006-25761006_analysis_1	9	0	0	0	0	0	0	0	0	0	0	0	0	0
25762750-25762750_analysis_0	1	0	0	0	0	0	0	0	0	0	0	0	0	0
25770818-25770818_analysis_0	7	0	0	0	0	0	0	0	0	0	0	0	0	0
25781230-25781230_analysis_0	10	0	0	0	0	0	0	0	0	0	0	0	0	0
25781230-25781230_analysis_1	1	0	0	0	0	0	0	0	0	0	0	0	0	0
25796007-25796007_analysis_0	2	0	0	0	0	0	0	0	0	0	0	0	0	0
25797832-25797832_analysis_0	1	0	0	0	0	0	0	0	0	0	0	0	0	0
25819606-25819606_analysis_0	6	0	0	0	0	0	0	0	0	0	0	0	0	0
25875013-25875013_analysis_0	10	0	0	0	0	0	0	0	0	0	0	0	0	0
25875013-25875013_analysis_1	5	0	0	0	0	0	0	0	0	0	0	0	0	0
25882271-25882271_analysis_0	1	0	0	0	0	0	0	0	0	0	0	0	0	0
25887154-25887154_analysis_0	23	1	0	0	0	0	0	0	0	0	0	0	0	0
25887154-25887154_analysis_1	6	0	0	0	0	0	0	0	0	0	0	0	0	0
25895453-25895453_analysis_0	7	0	0	0	0	0	0	0	0	0	0	0	0	0
25937240-25937240_analysis_0	2	0	0	0	0	0	0	0	0	0	0	0	0	0
25937240-25937240_analysis_1	1	0	0	0	0	0	0	0	0	0	0	0	0	0
25937240-25937240_analysis_2	0	0	0	0	0	0	0	0	0	0	0	0	0	0
25939814-25939814_analysis_0	0	0	0	0	0	0	0	0	0	0	0	0	0	0
26026506-26026506_analysis_0	4	1	0	0	0	0	0	0	0	0	0	0	0	0
26038158-26038158_analysis_0	17	0	0	0	0	0	0	0	0	0	0	0	0	0
26053145-26053145_analysis_0	2	0	0	0	0	0	0	0	0	0	0	0	0	0
26053145-26053145_analysis_1	0	0	0	0	0	0	0	0	0	0	0	0	0	0
26119472-26119472_analysis_0	0	0	0	0	0	0	0	0	0	0	0	0	0	0
26119472-26119472_analysis_1	2	0	0	0	0	0	0	0	0	0	0	0	0	0
26119472-26119472_analysis_2	1	0	0	0	0	0	0	0	0	0	0	0	0	0
26119472-26119472_analysis_3	0	0	0	0	0	0	0	0	0	0	0	0	0	0
26119472-26119472_analysis_4	2	0	0	0	0	0	0	0	0	0	0	0	0	0
26119472-26119472_analysis_5	0	0	0	0	0	0	0	0	0	0	0	0	0	0
26119472-26119472_analysis_6	1	0	0	0	0	0	0	0	0	0	0	0	0	0
26125586-26125586_analysis_0	6	0	0	0	0	0	0	0	0	0	0	0	0	0
26125586-26125586_analysis_1	9	0	0	0	0	0	0	0	0	0	0	0	0	0
26125586-26125586_analysis_2	0	0	0	0	0	0	0	0	0	0	0	0	0	0
26125586-26125586_analysis_3	0	0	0	0	0	0	0	0	0	0	0	0	0	0
26145276-26145276_analysis_0	0	0	0	0	0	0	0	0	0	0	0	0	0	0
26145276-26145276_analysis_1	0	0	0	0	0	0	0	0	0	0	0	0	0	0
26145276-26145276_analysis_2	8	0	0	0	0	0	0	0	0	0	0	0	0	0
26145276-26145276_analysis_3	1	0	0	0	0	0	0	0	0	0	0	0	0	0
26204262-26204262_analysis_0	3	0	0	0	0	0	0	0	0	0	0	0	0	0
26204262-26204262_analysis_1	1	0	0	0	0	0	0	0	0	0	0	0	0	0
26204262-26204262_analysis_10	0	0	0	0	0	0	0	0	0	0	0	0	0	0
26204262-26204262_analysis_11	3	0	0	0	0	0	0	0	0	0	0	0	0	0
26204262-26204262_analysis_12	0	0	0	0	0	0	0	0	0	0	0	0	0	0
26204262-26204262_analysis_13	2	0	0	0	0	0	0	0	0	0	0	0	0	0
26204262-26204262_analysis_14	0	0	0	0	0	0	0	0	0	0	0	0	0	0
26204262-26204262_analysis_15	0	0	0	0	0	0	0	0	0	0	0	0	0	0
26204262-26204262_analysis_16	1	0	0	0	0	0	0	0	0	0	0	0	0	0
26204262-26204262_analysis_17	0	0	0	0	0	0	0	0	0	0	0	0	0	0
26204262-26204262_analysis_18	1	0	0	0	0	0	0	0	0	0	0	0	0	0
26204262-26204262_analysis_2	0	0	0	0	0	0	0	0	0	0	0	0	0	0
26204262-26204262_analysis_3	1	0	0	0	0	0	0	0	0	0	0	0	0	0
26204262-26204262_analysis_4	2	0	0	0	0	0	0	0	0	0	0	0	0	0
26204262-26204262_analysis_5	0	0	0	0	0	0	0	0	0	0	0	0	0	0
26204262-26204262_analysis_6	0	0	0	0	0	0	0	0	0	0	0	0	0	0
26204262-26204262_analysis_7	1	0	0	0	0	0	0	0	0	0	0	0	0	0
26204262-26204262_analysis_8	1	0	0	0	0	0	0	0	0	0	0	0	0	0
26204262-26204262_analysis_9	0	0	0	0	0	0	0	0	0	0	0	0	0	0
26228575-26228575_analysis_0	4	0	0	0	0	0	0	0	0	0	0	0	0	0
26234745-26234745_analysis_0	4	0	0	0	0	0	0	0	0	0	0	0	0	0
26234745-26234745_analysis_1	6	0	0	0	0	0	0	0	0	0	0	0	0	0
26289945-26289945_analysis_0	2	0	0	0	0	0	0	0	0	0	0	0	0	0
26289945-26289945_analysis_1	0	0	0	0	0	0	0	0	0	0	0	0	0	0
26289945-26289945_analysis_2	2	0	0	0	0	0	0	0	0	0	0	0	0	0
26289945-26289945_analysis_3	0	0	0	0	0	0	0	0	0	0	0	0	0	0
26289945-26289945_analysis_4	0	0	0	0	0	0	0	0	0	0	0	0	0	0
26289945-26289945_analysis_5	1	0	0	0	0	0	0	0	0	0	0	0	0	0
26295336-26295336_analysis_0	1	0	0	0	0	0	0	0	0	0	0	0	0	0
26295336-26295336_analysis_1	4	1	0	0	0	0	0	0	0	0	0	0	0	0
26295336-26295336_analysis_10	1	0	0	0	0	0	0	0	0	0	0	0	0	0
26295336-26295336_analysis_3	2	0	0	0	0	0	0	0	0	0	0	0	0	0
26295336-26295336_analysis_7	1	0	0	0	0	0	0	0	0	0	0	0	0	0
26295336-26295336_analysis_9	1	0	0	0	0	0	0	0	0	0	0	0	0	0
26331843-26331843_analysis_0	1	0	0	0	0	0	0	0	0	0	0	0	0	0
26331843-26331843_analysis_1	0	0	0	0	0	0	0	0	0	0	0	0	0	0
26331843-26331843_analysis_2	0	0	0	0	0	0	0	0	0	0	0	0	0	0
26331843-26331843_analysis_3	4	0	0	0	0	0	0	0	0	0	0	0	0	0
26331843-26331843_analysis_4	1	0	0	0	0	0	0	0	0	0	0	0	0	0
26331843-26331843_analysis_6	2	0	0	0	0	0	0	0	0	0	0	0	0	0
26331843-26331843_analysis_7	0	0	0	0	0	0	0	0	0	0	0	0	0	0
26475784-26475784_analysis_0	3	0	0	0	0	0	0	0	0	0	0	0	0	0
26475784-26475784_analysis_2	6	0	0	0	0	0	0	0	0	0	0	0	0	0
26475784-26475784_analysis_4	1	0	0	0	0	0	0	0	0	0	0	0	0	0
26478134-26478134_analysis_0	0	0	0	0	0	0	0	0	0	0	0	0	0	0
26478134-26478134_analysis_1	5	0	0	0	0	0	0	0	0	0	0	0	0	0
26627911-26627911_analysis_0	2	0	0	0	0	0	0	0	0	0	0	0	0	0
26627911-26627911_analysis_1	3	0	0	0	0	0	0	0	0	0	0	0	0	0
26769333-26769333_analysis_0	1	0	0	0	0	0	0	0	0	0	0	0	0	0
26769333-26769333_analysis_1	0	0	0	0	0	0	0	0	0	0	0	0	0	0
26769333-26769333_analysis_2	2	0	0	0	0	0	0	0	0	0	0	0	0	0
26805583-26805583_analysis_0	1	0	0	0	0	0	0	0	0	0	0	0	0	0
26809248-26809248_analysis_0	2	0	0	0	0	0	0	0	0	0	0	0	0	0
26809268-26809268_analysis_0	11	0	0	0	0	0	0	0	0	0	0	0	0	0
26883294-26883294_analysis_0	3	0	0	0	0	0	0	0	0	0	0	0	0	0
26883294-26883294_analysis_1	2	0	0	0	0	0	0	0	0	0	0	0	0	0
26883294-26883294_analysis_2	1	0	0	0	0	0	0	0	0	0	0	0	0	0
26883294-26883294_analysis_3	2	0	0	0	0	0	0	0	0	0	0	0	0	0
26883294-26883294_analysis_4	3	0	0	0	0	0	0	0	0	0	0	0	0	0
26893259-26893259_analysis_0	8	0	0	0	0	0	0	0	0	0	0	0	0	0
26893259-26893259_analysis_1	2	0	0	0	0	0	0	0	0	0	0	0	0	0
26918784-26918784_analysis_0	10	0	0	0	0	0	0	0	0	0	0	0	0	0
26975550-26975550_analysis_0	7	0	0	0	0	0	0	0	0	0	0	0	0	0
27005897-27005897_analysis_0	1	0	0	0	0	0	0	0	0	0	0	0	0	0
27005897-27005897_analysis_1	0	0	0	0	0	0	0	0	0	0	0	0	0	0
27005897-27005897_analysis_2	2	0	0	0	0	0	0	0	0	0	0	0	0	0
27005897-27005897_analysis_3	1	0	0	0	0	0	0	0	0	0	0	0	0	0
27012714-27012714_analysis_0	3	0	0	0	0	0	0	0	0	0	0	0	0	0
27012714-27012714_analysis_1	3	0	0	0	0	0	0	0	0	0	0	0	0	0
27012714-27012714_analysis_2	3	0	0	0	0	0	0	0	0	0	0	0	0	0
27079132-27079132_analysis_0	13	0	0	0	0	0	0	0	0	0	0	0	0	0
27108216-27108216_analysis_0	3	0	0	0	0	0	0	0	0	0	0	0	0	0
27108216-27108216_analysis_1	8	0	0	0	0	0	0	0	0	0	0	0	0	0
27168331-27168331_analysis_0	3	0	0	0	0	0	0	0	0	0	0	0	0	0
27168331-27168331_analysis_1	3	0	0	0	0	0	0	0	0	0	0	0	0	0
27168331-27168331_analysis_10	4	0	0	0	0	0	0	0	0	0	0	0	0	0
27168331-27168331_analysis_11	0	0	0	0	0	0	0	0	0	0	0	0	0	0
27168331-27168331_analysis_12	0	0	0	0	0	0	0	0	0	0	0	0	0	0
27168331-27168331_analysis_13	0	0	0	0	0	0	0	0	0	0	0	0	0	0
27168331-27168331_analysis_14	9	0	0	0	0	0	0	0	0	1	0	0	0	0
27168331-27168331_analysis_15	0	0	0	0	0	0	0	0	0	0	0	0	0	0
27168331-27168331_analysis_16	0	0	0	0	0	0	0	0	0	0	0	0	0	0
27168331-27168331_analysis_17	0	0	0	0	0	0	0	0	0	0	0	0	0	0
27168331-27168331_analysis_2	6	0	0	0	0	0	0	0	0	0	0	0	0	0
27168331-27168331_analysis_3	14	0	0	0	0	0	0	0	0	0	0	0	0	0
27168331-27168331_analysis_6	4	0	0	0	0	0	0	0	0	0	0	0	0	0
27168331-27168331_analysis_7	8	0	0	0	0	0	0	0	0	0	0	0	0	0
27168331-27168331_analysis_8	6	0	0	0	0	0	0	0	0	0	0	0	0	0
27168331-27168331_analysis_9	0	0	0	0	0	0	0	0	0	0	0	0	0	0
27208593-27208593_analysis_0	0	0	1	0	0	0	0	0	0	0	0	0	0	0
27312405-27312405_analysis_0	0	0	0	0	0	0	0	0	0	0	0	0	0	0
27312405-27312405_analysis_1	3	0	0	0	0	0	0	0	0	0	0	0	0	0
27312405-27312405_analysis_2	5	0	0	0	0	0	0	0	0	0	0	0	0	0
27312405-27312405_analysis_3	2	0	0	0	0	0	0	0	0	0	0	0	0	0
27312405-27312405_analysis_4	0	0	0	0	0	0	0	0	0	0	0	0	0	0
27312405-27312405_analysis_5	3	0	0	0	0	0	0	0	0	0	0	0	0	0
27349694-27349694_analysis_0	8	0	0	0	0	0	0	0	0	0	0	0	0	0
27397863-27397863_analysis_0	42	0	0	0	0	0	0	0	0	0	0	0	0	0
27397863-27397863_analysis_1	38	4	0	1	0	0	0	0	0	0	0	0	0	0
27427215-27427215_analysis_0	1	0	0	0	0	0	0	0	0	0	0	0	0	0
27428267-27428267_analysis_0	7	0	0	0	0	0	0	0	0	0	0	0	0	0
27428267-27428267_analysis_1	1	0	0	0	0	0	0	0	0	0	0	0	0	0
27428267-27428267_analysis_2	6	0	0	0	0	0	0	0	0	0	0	0	0	0
27459715-27459715_analysis_0	3	0	0	0	0	0	0	0	0	0	0	0	0	0
27479051-27479051_analysis_0	2	0	0	0	0	0	0	0	0	0	0	0	0	0
27479051-27479051_analysis_1	5	0	0	0	0	0	0	0	0	0	0	0	0	0
27479051-27479051_analysis_2	4	0	0	0	0	0	0	0	0	0	0	0	0	0
27479051-27479051_analysis_3	0	0	0	0	0	0	0	0	0	0	0	0	0	0
27479051-27479051_analysis_4	0	0	0	0	0	0	0	0	0	0	0	0	0	0
27479051-27479051_analysis_5	2	0	0	0	0	0	0	0	0	0	0	0	0	0
27479051-27479051_analysis_6	4	0	0	0	0	0	0	0	0	0	0	0	0	0
27479051-27479051_analysis_7	0	0	0	0	0	0	0	0	0	0	0	0	0	0
27479051-27479051_analysis_8	0	0	0	0	0	0	0	0	0	0	0	0	0	0
27479051-27479051_analysis_9	0	0	0	0	0	0	0	0	0	0	0	0	0	0
27489006-27489006_analysis_0	0	0	0	0	0	0	0	0	0	0	0	0	0	0
27501356-27501356_analysis_0	3	0	0	0	0	0	0	0	0	0	0	0	0	0
27524657-27524657_analysis_0	6	0	0	0	0	0	0	0	0	0	0	0	0	0
27524657-27524657_analysis_1	0	0	0	0	0	0	0	0	0	0	0	0	0	0
27524657-27524657_analysis_2	5	0	0	0	0	0	0	0	0	0	0	0	0	0
27524657-27524657_analysis_3	0	0	0	0	0	0	0	0	0	0	0	0	0	0
27524657-27524657_analysis_4	1	0	0	0	0	0	0	0	0	0	0	0	0	0
27524674-27524674_analysis_0	2	0	0	0	0	0	0	0	0	0	0	0	0	0
27524674-27524674_analysis_1	0	0	0	0	0	0	0	0	0	0	0	0	0	0
27524674-27524674_analysis_2	1	0	0	0	0	0	0	0	0	0	0	0	0	0
27524674-27524674_analysis_3	0	0	0	0	0	0	0	0	0	0	0	0	0	0
27524674-27524674_analysis_4	0	0	0	0	0	0	0	0	0	0	0	0	0	0
27524674-27524674_analysis_5	0	0	0	0	0	0	0	0	0	0	0	0	0	0
27524674-27524674_analysis_6	0	0	0	0	0	0	0	0	0	0	0	0	0	0
27538517-27538517_analysis_0	1	0	0	0	0	0	0	0	0	0	0	0	0	0
27538517-27538517_analysis_1	1	0	0	0	0	0	0	0	0	0	0	0	0	0
27538517-27538517_analysis_2	1	0	0	0	0	0	0	0	0	0	0	0	0	0
27542906-27542906_analysis_0	9	0	0	0	0	0	0	0	0	0	0	0	0	0
27542906-27542906_analysis_1	9	0	0	0	0	0	0	0	0	0	0	0	0	0
27649775-27649775_analysis_0	7	1	0	1	0	0	0	0	0	0	0	0	0	0
27649775-27649775_analysis_1	3	0	0	0	0	0	0	0	0	0	0	0	0	0
27654662-27654662_analysis_0	1	0	0	0	0	0	0	0	0	0	0	0	0	0
27654662-27654662_analysis_1	2	0	0	0	0	0	0	0	0	0	0	0	0	0
27654662-27654662_analysis_2	1	0	0	0	0	0	0	0	0	0	0	0	0	0
27654662-27654662_analysis_3	0	0	0	0	0	0	0	0	0	0	0	0	0	0
27654662-27654662_analysis_4	0	0	0	0	0	0	0	0	0	0	0	0	0	0
27654662-27654662_analysis_5	0	0	0	0	0	0	0	0	0	0	0	0	0	0
27654662-27654662_analysis_6	0	0	0	0	0	0	0	0	0	0	0	0	0	0
27654662-27654662_analysis_7	0	0	0	0	0	0	0	0	0	0	0	0	0	0
27766203-27766203_analysis_0	4	0	0	0	0	0	0	0	0	0	0	0	0	0
27815773-27815773_analysis_0	1	0	0	0	0	0	0	0	0	0	0	0	0	0
27815773-27815773_analysis_1	1	0	0	0	0	0	0	0	0	0	0	0	0	0
27815773-27815773_analysis_10	0	0	0	0	0	0	0	0	0	0	0	0	0	0
27815773-27815773_analysis_11	1	0	0	0	0	0	0	0	0	0	0	0	0	0
27815773-27815773_analysis_12	2	0	0	0	0	0	0	0	0	0	0	0	0	0
27815773-27815773_analysis_13	0	0	0	0	0	0	0	0	0	0	0	0	0	0
27815773-27815773_analysis_14	2	0	0	0	0	0	0	0	0	0	0	0	0	0
27815773-27815773_analysis_15	1	0	0	0	0	0	0	0	0	0	0	0	0	0
27815773-27815773_analysis_16	1	0	0	0	0	0	0	0	0	0	0	0	0	0
27815773-27815773_analysis_17	1	0	0	0	0	0	0	0	0	0	0	0	0	0
27815773-27815773_analysis_18	2	0	0	0	0	0	0	0	0	0	0	0	0	0
27815773-27815773_analysis_19	1	0	0	0	0	0	0	0	0	0	0	0	0	0
27815773-27815773_analysis_2	2	0	0	0	0	0	0	0	0	0	0	0	0	0
27815773-27815773_analysis_20	1	0	0	0	0	0	0	0	0	0	0	0	0	0
27815773-27815773_analysis_3	0	0	0	0	0	0	0	0	0	0	0	0	0	0
27815773-27815773_analysis_4	2	0	0	0	0	0	0	0	0	0	0	0	0	0
27815773-27815773_analysis_5	0	0	0	0	0	0	0	0	0	0	0	0	0	0
27815773-27815773_analysis_6	1	1	0	0	0	0	0	0	0	0	0	0	0	0
27815773-27815773_analysis_7	4	1	0	0	0	0	0	0	0	0	0	0	0	0
27815773-27815773_analysis_8	2	1	0	0	0	0	0	0	0	0	0	0	0	0
27815773-27815773_analysis_9	1	0	0	0	0	0	0	0	0	0	0	0	0	0
27845255-27845255_analysis_0	6	0	0	0	1	0	0	0	0	0	0	0	0	0
27845255-27845255_analysis_1	0	0	0	0	0	0	0	0	0	0	0	0	0	0
27845255-27845255_analysis_2	0	0	0	0	0	0	0	0	0	0	0	0	0	0
27907134-27907134_analysis_0	4	0	0	0	0	0	0	0	0	0	0	0	0	0
28158874-28158874_analysis_0	6	1	0	0	0	0	0	0	0	0	0	0	0	0
28190083-28190083_analysis_0	3	1	0	0	0	0	0	0	0	0	0	0	0	0
28190083-28190083_analysis_1	1	0	0	0	0	0	0	0	0	0	0	0	0	0
28284776-28284776_analysis_0	8	0	0	0	0	0	0	0	0	0	0	0	0	0
28284776-28284776_analysis_1	3	0	0	0	0	0	0	0	0	0	0	0	0	0
28344152-28344152_analysis_0	0	0	0	0	0	0	0	0	0	0	0	0	0	0
28398588-28398588_analysis_0	3	0	0	0	0	0	0	0	0	0	0	0	0	0
28398588-28398588_analysis_1	0	0	0	0	0	0	0	0	0	0	0	0	0	0
28401670-28401670_analysis_0	2	0	0	0	1	0	0	0	0	0	0	0	0	0
28401670-28401670_analysis_1	0	0	0	0	0	0	0	0	0	0	0	0	0	0
28451921-28451921_analysis_0	8	0	0	0	0	0	0	0	0	0	0	0	0	0
28451921-28451921_analysis_1	1	0	0	0	0	0	0	0	0	0	0	0	0	0
28488021-28488021_analysis_0	2	0	0	0	0	0	0	0	0	0	0	0	0	0
28521241-28521241_analysis_0	2	0	0	0	0	0	0	0	0	0	0	0	0	0
28521241-28521241_analysis_1	0	0	0	0	0	0	0	0	0	0	0	0	0	0
28521241-28521241_analysis_2	0	0	0	0	0	0	0	0	0	0	0	0	0	0
28521241-28521241_analysis_3	2	0	0	0	0	0	0	0	0	0	0	0	0	0
28528203-28528203_analysis_0	4	0	0	0	0	0	0	0	0	0	0	0	0	0
28528203-28528203_analysis_1	0	0	0	0	0	0	0	0	0	0	0	0	0	0
28544994-28544994_analysis_0	3	0	0	0	0	0	0	0	0	0	0	0	0	0
28552670-28552670_analysis_0	11	0	0	0	0	0	0	0	0	0	0	0	0	0
28552670-28552670_analysis_1	14	0	0	0	0	0	0	0	0	0	0	0	0	0
28633363-28633363_analysis_0	3	0	0	0	0	0	0	0	0	0	0	0	0	0
28686990-28686990_analysis_0	1	0	0	0	0	0	0	0	0	0	0	0	0	0
28686990-28686990_analysis_1	6	0	0	0	0	0	0	0	0	0	0	0	0	0
28686990-28686990_analysis_2	1	0	0	0	0	0	0	0	0	0	0	0	0	0
28686990-28686990_analysis_3	3	0	0	0	0	0	0	0	0	0	0	0	0	0
28746733-28746733_analysis_0	16	0	0	0	0	0	0	0	0	0	0	0	0	0
28746733-28746733_analysis_1	5	0	0	0	0	0	0	0	0	0	0	0	0	0
28746733-28746733_analysis_2	8	0	0	0	0	0	0	0	0	0	0	0	0	0
28750618-28750618_analysis_0	4	0	0	0	0	0	0	0	0	0	0	0	0	0
28750618-28750618_analysis_1	3	0	0	0	0	0	0	0	0	0	0	0	0	0
28750618-28750618_analysis_2	3	0	0	0	0	0	0	0	0	0	0	0	0	0
28750618-28750618_analysis_3	2	0	0	0	0	0	0	0	0	0	0	0	0	0
28777450-28777450_analysis_0	2	0	0	0	0	0	0	0	0	0	0	0	0	0
28777450-28777450_analysis_1	1	0	0	0	0	0	0	0	0	0	0	0	0	0
28801730-28801730_analysis_0	0	0	0	0	0	0	0	0	0	0	0	0	0	0
28801730-28801730_analysis_1	1	0	0	0	0	0	0	0	0	0	0	0	0	0
28801730-28801730_analysis_2	0	0	0	0	0	0	0	0	0	0	0	0	0	0
28801730-28801730_analysis_3	0	0	0	0	0	0	0	0	0	0	0	0	0	0
28877410-28877410_analysis_0	5	0	0	0	0	0	0	0	0	0	0	0	0	0
28881072-28881072_analysis_0	1	0	0	0	0	0	0	0	0	0	0	0	0	0
28881072-28881072_analysis_1	1	0	0	0	0	0	0	0	0	0	0	0	0	0
28894291-28894291_analysis_0	5	0	0	0	0	0	0	0	0	0	0	0	0	0
28929362-28929362_analysis_0	0	0	0	0	0	0	0	0	0	0	0	0	0	0
28929362-28929362_analysis_1	1	0	0	0	0	0	0	0	0	0	0	0	0	0
28929362-28929362_analysis_2	2	0	0	0	0	0	0	0	0	0	0	0	0	0
28958900-28958900_analysis_0	11	0	0	0	0	0	0	0	0	0	0	0	0	0
28958900-28958900_analysis_1	18	0	0	0	0	0	0	0	0	0	0	0	0	0
28958900-28958900_analysis_2	13	0	0	0	0	0	0	0	0	0	0	0	0	0
28958900-28958900_analysis_3	9	0	0	0	0	0	0	0	0	0	0	0	0	0
28958900-28958900_analysis_4	16	0	0	0	0	0	0	0	0	0	0	0	0	0
28958900-28958900_analysis_5	12	0	0	0	0	0	0	0	0	0	0	0	0	0
28960762-28960762_analysis_0	10	0	0	0	0	0	0	0	0	0	0	0	0	0
28960762-28960762_analysis_1	1	0	0	0	0	0	0	0	0	0	0	0	0	0
29025878-29025878_analysis_0	1	0	0	0	0	0	0	0	0	0	0	0	0	0
29025878-29025878_analysis_1	1	0	0	0	0	0	0	0	0	0	0	0	0	0
29025878-29025878_analysis_2	1	0	0	0	0	0	0	0	0	0	0	0	0	0
29025878-29025878_analysis_3	1	0	0	0	0	0	0	0	0	0	0	0	0	0
29025878-29025878_analysis_4	0	0	0	0	0	0	0	0	0	0	0	0	0	0
29025878-29025878_analysis_5	0	0	0	0	0	0	0	0	0	0	0	0	0	0
29059410-29059410_analysis_0	5	0	0	0	0	0	0	0	0	0	0	0	0	0
29059451-29059451_analysis_0	2	0	0	0	0	0	0	0	0	0	0	0	0	0
29090683-29090683_analysis_0	0	0	0	0	0	0	0	0	0	0	0	0	0	0
29106683-29106683_analysis_0	2	0	0	0	0	0	0	0	0	0	0	0	0	0
29106683-29106683_analysis_1	3	1	0	0	0	0	0	0	0	0	0	0	0	0
29106683-29106683_analysis_2	1	0	0	0	0	0	0	0	0	0	0	0	0	0
29108734-29108734_analysis_0	2	0	0	0	0	0	0	0	0	0	0	0	0	0
29108734-29108734_analysis_1	5	0	0	0	0	0	0	0	0	0	0	0	0	0
29130147-29130147_analysis_0	9	0	0	0	0	0	0	0	0	0	0	0	0	0
29130147-29130147_analysis_1	9	0	0	0	0	0	0	0	0	0	0	0	0	0
29130147-29130147_analysis_2	3	0	0	0	0	0	0	0	0	0	0	0	0	0
29172122-29172122_analysis_0	3	0	0	0	0	0	0	0	0	0	0	0	0	0
29172122-29172122_analysis_1	2	0	0	0	0	0	0	0	0	0	0	0	0	0
29227227-29227227_analysis_0	4	0	0	0	0	0	0	0	0	0	0	0	0	0
29227227-29227227_analysis_1	1	0	0	0	0	0	0	0	0	0	0	0	0	0
29343732-29343732_analysis_0	9	0	0	0	0	0	0	0	0	0	0	0	0	0
29343732-29343732_analysis_1	1	0	0	0	0	0	0	0	0	0	0	0	0	0
29343732-29343732_analysis_2	3	0	0	0	0	0	0	0	0	0	0	0	0	0
29352027-29352027_analysis_0	11	0	0	0	0	0	0	0	0	0	0	0	0	0
29408590-29408590_analysis_0	12	0	1	0	0	0	0	0	0	0	0	0	0	0
29408590-29408590_analysis_1	42	0	3	0	0	0	0	0	0	0	0	0	0	0
29410011-29410011_analysis_0	2	0	0	0	0	0	0	0	0	0	0	0	0	0
29410011-29410011_analysis_1	2	0	0	0	0	0	0	0	0	0	0	0	0	0
29410011-29410011_analysis_10	0	0	0	0	0	0	0	0	0	0	0	0	0	0
29410011-29410011_analysis_11	1	0	0	0	0	0	0	0	0	0	0	0	0	0
29410011-29410011_analysis_12	3	0	0	0	0	0	0	0	0	0	0	0	0	0
29410011-29410011_analysis_13	0	0	0	0	0	0	0	0	0	0	0	0	0	0
29410011-29410011_analysis_14	1	0	0	0	0	0	0	0	0	0	0	0	0	0
29410011-29410011_analysis_15	1	0	0	0	0	0	0	0	0	0	0	0	0	0
29410011-29410011_analysis_16	2	0	0	0	0	0	0	0	0	0	0	0	0	0
29410011-29410011_analysis_17	0	0	0	0	0	0	0	0	0	0	0	0	0	0
29410011-29410011_analysis_18	0	0	0	0	0	0	0	0	0	0	0	0	0	0
29410011-29410011_analysis_19	1	0	0	0	0	0	0	0	0	0	0	0	0	0
29410011-29410011_analysis_2	1	0	0	0	0	0	0	0	0	0	0	0	0	0
29410011-29410011_analysis_20	1	0	0	0	0	0	0	0	0	0	0	0	0	0
29410011-29410011_analysis_21	2	0	0	0	0	0	0	0	0	0	0	0	0	0
29410011-29410011_analysis_22	2	0	0	0	0	0	0	0	0	0	0	0	0	0
29410011-29410011_analysis_3	0	0	0	0	0	0	0	0	0	0	0	0	0	0
29410011-29410011_analysis_4	0	0	0	0	0	0	0	0	0	0	0	0	0	0
29410011-29410011_analysis_5	1	0	0	0	0	0	0	0	0	0	0	0	0	0
29410011-29410011_analysis_6	1	0	0	0	0	0	0	0	0	0	0	0	0	0
29410011-29410011_analysis_7	0	0	0	0	0	0	0	0	0	0	0	0	0	0
29410011-29410011_analysis_8	0	0	0	0	0	0	0	0	0	0	0	0	0	0
29410011-29410011_analysis_9	1	0	0	0	0	0	0	0	0	0	0	0	0	0
29421336-29421336_analysis_0	2	0	0	0	0	0	0	0	0	0	0	0	0	0
29421336-29421336_analysis_1	3	0	0	0	0	0	0	0	0	0	0	0	0	0
29421336-29421336_analysis_2	4	0	0	0	0	0	0	0	0	0	0	0	0	0
29421336-29421336_analysis_3	8	0	0	0	0	0	0	0	0	0	0	0	0	0
29421336-29421336_analysis_4	3	0	0	0	0	0	0	0	0	0	0	0	0	0
29421336-29421336_analysis_5	8	0	0	0	0	0	0	0	0	0	0	0	0	0
29438844-29438844_analysis_0	0	0	0	0	0	0	0	0	0	0	0	0	0	0
29438844-29438844_analysis_1	0	0	0	0	0	0	0	0	0	0	0	0	0	0
29438844-29438844_analysis_10	0	0	0	0	0	0	0	0	0	0	0	0	0	0
29438844-29438844_analysis_11	1	0	0	0	0	0	0	0	0	0	0	0	0	0
29438844-29438844_analysis_2	0	0	0	0	0	0	0	0	0	0	0	0	0	0
29438844-29438844_analysis_3	4	0	0	0	0	0	0	0	0	0	0	0	0	0
29438844-29438844_analysis_4	1	0	0	0	0	0	0	0	0	0	0	0	0	0
29438844-29438844_analysis_5	0	0	0	0	0	0	0	0	0	0	0	0	0	0
29438844-29438844_analysis_6	0	0	0	0	0	0	0	0	0	0	0	0	0	0
29438844-29438844_analysis_7	0	0	0	0	0	0	0	0	0	0	0	0	0	0
29438844-29438844_analysis_8	0	0	0	0	0	0	0	0	0	0	0	0	0	0
29438844-29438844_analysis_9	0	0	0	0	0	0	0	0	0	0	0	0	0	0
29464814-29464814_analysis_0	0	0	0	0	0	0	0	0	0	0	0	0	0	0
29496487-29496487_analysis_0	3	0	0	0	0	0	0	0	0	0	0	0	0	0
29496487-29496487_analysis_1	4	0	0	0	0	0	0	0	0	0	0	0	0	0
29496487-29496487_analysis_2	10	0	0	0	0	0	0	0	0	0	0	0	0	0
29499312-29499312_analysis_0	5	0	0	0	0	0	0	0	0	0	0	0	0	0
29535451-29535451_analysis_0	1	0	0	0	0	0	0	0	0	0	0	0	0	0
29535451-29535451_analysis_1	2	0	0	0	0	0	0	0	0	0	0	0	0	0
29541538-29541538_analysis_0	2	0	0	0	0	0	0	0	0	0	0	0	0	0
29541538-29541538_analysis_1	8	0	0	0	0	0	0	0	0	0	0	0	0	0
29729394-29729394_analysis_0	13	0	0	0	0	0	0	0	0	0	0	0	0	0
29729394-29729394_analysis_1	9	0	0	0	0	0	0	0	0	0	0	0	0	0
29729394-29729394_analysis_2	3	0	0	0	0	0	0	0	0	0	0	0	0	0
29880873-29880873_analysis_0	10	0	0	0	0	0	0	0	0	0	0	0	0	0
29880873-29880873_analysis_1	0	0	0	0	0	0	0	0	0	0	0	0	0	0
29906489-29906489_analysis_0	6	0	0	0	0	0	0	0	0	0	0	0	0	0
29906489-29906489_analysis_1	4	0	0	0	0	0	0	0	0	0	0	0	0	0
29906489-29906489_analysis_2	3	0	0	0	0	0	0	0	0	0	0	0	0	0
29906489-29906489_analysis_3	2	0	0	0	0	0	0	0	0	0	0	0	0	0
29906489-29906489_analysis_4	5	0	0	0	0	0	0	0	0	0	0	0	0	0
29924294-29924294_analysis_0	1	0	0	0	0	0	0	0	0	0	0	0	0	0
29944963-29944963_analysis_0	2	0	0	0	0	0	0	0	0	0	0	0	0	0
29944963-29944963_analysis_1	2	0	0	0	0	0	0	0	0	0	0	0	0	0
29984874-29984874_analysis_0	2	0	0	0	0	0	0	0	0	0	0	0	0	0
29984874-29984874_analysis_1	1	0	0	0	0	0	0	0	0	0	0	0	0	0
29984874-29984874_analysis_2	5	0	0	0	0	1	0	0	0	0	0	0	0	0
29985099-29985099_analysis_0	14	1	0	0	0	0	0	0	0	0	0	0	0	0
30019382-30019382_analysis_0	3	0	0	0	0	0	0	0	0	0	0	0	0	0
30019454-30019454_analysis_0	24	1	0	0	0	0	0	0	0	0	0	0	0	0
30019454-30019454_analysis_1	1	0	0	0	0	0	0	0	0	0	0	0	0	0
30019454-30019454_analysis_2	1	0	0	0	0	0	0	0	0	0	0	0	0	0
30041007-30041007_analysis_0	0	0	0	0	0	0	0	0	0	0	0	0	0	0
30041007-30041007_analysis_1	0	0	0	0	0	0	0	0	0	0	0	0	0	0
30041007-30041007_analysis_2	0	0	0	0	0	0	0	0	0	0	0	0	0	0
30041007-30041007_analysis_3	0	0	0	0	0	0	0	0	0	0	0	0	0	0
30041007-30041007_analysis_4	0	0	0	0	0	0	0	0	0	0	0	0	0	0
30041007-30041007_analysis_5	0	0	0	0	0	0	0	0	0	0	0	0	0	0
30041007-30041007_analysis_6	0	0	0	0	0	0	0	0	0	0	0	0	0	0
30041007-30041007_analysis_7	0	0	0	0	0	0	0	0	0	0	0	0	0	0
30064314-30064314_analysis_0	0	0	0	0	0	0	0	0	0	0	0	0	0	0
30066136-30066136_analysis_0	3	0	0	0	0	0	0	0	0	0	0	0	0	0
30093174-30093174_analysis_0	1	0	0	0	0	0	0	0	0	0	0	0	0	0
30093174-30093174_analysis_1	1	0	0	0	0	0	0	0	0	0	0	0	0	0
30093174-30093174_analysis_2	1	0	0	0	0	0	0	0	0	0	0	0	0	0
30093174-30093174_analysis_3	1	0	0	0	0	0	0	0	0	0	0	0	0	0
30093174-30093174_analysis_4	3	0	0	0	0	0	0	0	0	0	0	0	0	0
30096639-30096639_analysis_0	12	0	0	0	0	0	0	0	0	0	0	0	0	0
30120426-30120426_analysis_0	3	0	0	0	0	0	0	0	0	0	0	0	0	0
30143454-30143454_analysis_0	7	1	0	0	0	0	0	0	0	0	0	0	0	0
30143454-30143454_analysis_1	4	0	0	0	0	0	0	0	0	0	0	0	0	0
30143454-30143454_analysis_2	2	0	0	0	0	0	0	0	0	0	0	0	0	0
30143454-30143454_analysis_3	1	0	0	0	0	0	0	0	0	0	0	0	0	0
30143454-30143454_analysis_4	4	0	0	0	0	0	0	0	0	0	0	0	0	0
30165099-30165099_analysis_0	9	0	0	0	0	0	0	0	0	0	0	0	0	0
30165099-30165099_analysis_1	6	0	0	0	0	0	0	0	0	0	0	0	0	0
30165099-30165099_analysis_2	6	0	0	0	0	0	0	0	0	0	0	0	0	0
30243035-30243035_analysis_0	7	1	0	0	0	0	0	0	0	0	0	0	0	0
30268001-30268001_analysis_0	0	0	0	0	0	0	0	0	0	0	0	0	0	0
30268001-30268001_analysis_1	0	0	0	0	0	0	0	0	0	0	0	0	0	0
30283002-30283002_analysis_0	0	0	0	0	0	0	0	0	0	0	0	0	0	0
30295396-30295396_analysis_0	4	1	0	0	0	0	0	0	0	0	0	0	0	0
30295396-30295396_analysis_3	2	0	0	0	0	0	0	0	0	0	0	0	0	0
30388113-30388113_analysis_0	3	1	0	0	0	0	0	0	0	0	0	0	0	0
30388113-30388113_analysis_1	2	0	0	1	0	0	0	0	0	0	0	0	0	0
30388113-30388113_analysis_2	1	0	0	0	0	0	0	0	0	0	0	0	0	0
30418574-30418574_analysis_0	2	0	0	0	0	0	0	0	0	0	0	0	0	0
30418574-30418574_analysis_1	2	0	0	0	0	0	0	0	0	0	0	0	0	0
30418574-30418574_analysis_2	0	0	0	0	0	0	0	0	0	0	0	0	0	0
30445718-30445718_analysis_0	0	0	0	0	0	0	0	0	0	0	0	0	0	0
30445718-30445718_analysis_1	1	0	0	0	0	0	0	0	0	0	0	0	0	0
30445718-30445718_analysis_2	2	0	0	0	0	0	0	0	0	0	0	0	0	0
30445718-30445718_analysis_3	0	0	0	0	0	0	0	0	0	0	0	0	0	0
30445718-30445718_analysis_4	1	0	0	0	0	0	0	0	0	0	0	0	0	0
30467911-30467911_analysis_0	0	0	0	0	0	0	0	0	0	0	0	0	0	0
30467911-30467911_analysis_1	5	0	0	0	0	0	0	0	0	0	0	0	0	0
30484285-30484285_analysis_0	0	0	0	0	0	0	0	0	0	0	0	0	0	0
30556913-30556913_analysis_0	16	0	0	0	0	0	0	0	0	0	0	0	0	0
30556913-30556913_analysis_1	2	0	0	0	0	0	0	0	0	0	0	0	0	0
30590423-30590423_analysis_0	3	0	0	0	0	0	0	0	0	0	0	0	0	0
30590423-30590423_analysis_1	0	0	0	0	0	0	0	0	0	0	0	0	0	0
30590423-30590423_analysis_2	3	0	0	0	0	0	0	0	0	0	0	0	0	0
30590423-30590423_analysis_3	0	0	0	0	0	0	0	0	0	0	0	0	0	0
30590514-30590514_analysis_0	12	0	0	0	0	0	0	0	0	0	0	0	0	0
30590514-30590514_analysis_1	12	1	0	0	0	0	0	0	0	0	0	0	0	0
30590514-30590514_analysis_2	4	0	0	0	0	0	0	0	0	0	0	0	0	0
30646204-30646204_analysis_0	1	0	0	0	0	0	0	0	0	0	0	0	0	0
30646204-30646204_analysis_1	2	1	0	0	0	0	0	0	0	0	0	0	0	0
30649528-30649528_analysis_0	2	0	0	0	0	0	0	0	0	0	0	0	0	0
30711509-30711509_analysis_0	5	0	0	0	0	0	0	0	0	0	0	0	0	0
30711509-30711509_analysis_1	0	0	0	0	0	0	0	0	0	0	0	0	0	0
30711509-30711509_analysis_2	4	0	0	0	0	0	0	0	0	0	0	0	0	0
30788529-30788529_analysis_0	0	0	0	0	0	0	0	0	0	0	0	0	0	0
30788529-30788529_analysis_1	0	0	0	0	0	0	0	0	0	0	0	0	0	0
30844426-30844426_analysis_0	5	0	0	0	0	0	0	0	0	0	0	0	0	0
30844426-30844426_analysis_1	0	0	0	0	0	0	0	0	0	0	0	0	0	0
30844426-30844426_analysis_2	1	0	0	0	0	0	0	0	0	0	0	0	0	0
30844426-30844426_analysis_3	0	0	0	0	0	0	0	0	0	0	0	0	0	0
30844426-30844426_analysis_4	1	0	0	0	0	0	0	0	0	0	0	0	0	0
30844426-30844426_analysis_5	0	0	0	0	0	0	0	0	0	0	0	0	0	0
30844426-30844426_analysis_6	1	0	0	0	0	0	0	0	0	0	0	0	0	0
30844426-30844426_analysis_7	1	0	0	0	0	0	0	0	0	0	0	0	0	0
30844426-30844426_analysis_8	0	0	0	0	0	0	0	0	0	0	0	0	0	0
30848494-30848494_analysis_0	0	0	0	0	0	0	0	0	0	0	0	0	0	0
30928885-30928885_analysis_0	16	0	0	0	0	0	0	0	0	0	0	0	0	0
30997928-30997928_analysis_0	1	0	0	0	0	0	0	0	0	0	0	0	0	0
31014470-31014470_analysis_0	2	0	0	0	0	1	0	0	0	0	0	0	0	0
31069895-31069895_analysis_0	1	0	0	0	0	0	0	0	0	0	0	0	0	0
31160146-31160146_analysis_0	2	0	0	0	0	0	0	0	0	0	0	0	0	0
31160146-31160146_analysis_1	2	0	0	0	0	0	0	0	0	0	0	0	0	0
31174338-31174338_analysis_0	3	0	0	0	0	0	0	0	0	0	0	0	0	0
31174338-31174338_analysis_1	1	0	0	0	0	0	0	0	0	0	0	0	0	0
31202048-31202048_analysis_0	2	0	0	0	0	0	0	0	0	0	0	0	0	0
31202048-31202048_analysis_1	0	0	0	0	0	0	0	0	0	0	0	0	0	0
31204249-31204249_analysis_0	3	0	0	0	0	0	0	0	0	0	0	0	0	0
31204249-31204249_analysis_1	9	2	0	0	0	0	0	0	0	0	0	0	0	0
31204249-31204249_analysis_2	0	0	0	0	0	0	0	0	0	0	0	0	0	0
31204249-31204249_analysis_3	1	0	0	0	0	0	0	0	0	0	0	0	0	0
31204249-31204249_analysis_4	4	0	0	0	0	0	0	0	0	0	0	0	0	0
31248952-31248952_analysis_0	10	0	0	0	0	0	0	0	0	0	0	0	0	0
31248952-31248952_analysis_1	8	0	0	0	0	0	0	0	0	0	0	0	0	0
31248952-31248952_analysis_2	5	0	0	0	0	0	0	0	0	1	0	0	0	0
31248952-31248952_analysis_3	0	0	0	0	0	0	0	0	0	0	0	0	0	0
31248952-31248952_analysis_4	3	0	0	0	0	0	0	0	0	0	0	0	0	0
31326358-31326358_analysis_0	1	0	0	0	0	0	0	0	0	0	0	0	0	0
31326440-31326440_analysis_0	2	0	0	0	0	0	0	0	0	0	0	0	0	0
31326440-31326440_analysis_1	0	0	0	0	0	0	0	0	0	0	0	0	0	0
31326440-31326440_analysis_2	4	0	0	0	0	0	0	0	0	0	0	0	0	0
31326440-31326440_analysis_3	1	0	0	0	0	0	0	0	0	0	0	0	0	0
31342097-31342097_analysis_0	1	0	0	0	0	0	0	0	0	0	0	0	0	0
31376437-31376437_analysis_0	3	0	0	0	0	0	0	0	0	0	0	0	0	0
31376437-31376437_analysis_1	4	0	0	0	0	0	0	0	0	0	0	0	0	0
31376437-31376437_analysis_2	0	0	0	0	0	0	0	0	0	0	0	0	0	0
31376437-31376437_analysis_3	4	0	0	0	0	0	0	0	0	0	0	0	0	0
31394197-31394197_analysis_0	0	0	0	0	0	0	0	0	0	0	0	0	0	0
31394197-31394197_analysis_1	0	0	0	0	0	0	0	0	0	0	0	0	0	0
31394197-31394197_analysis_10	1	0	0	0	0	0	0	0	0	0	0	0	0	0
31394197-31394197_analysis_2	0	0	0	0	0	0	0	0	0	0	0	0	0	0
31394197-31394197_analysis_3	1	0	0	0	0	0	0	0	0	0	0	0	0	0
31394197-31394197_analysis_4	1	0	0	0	0	0	0	0	0	0	0	0	0	0
31394197-31394197_analysis_5	19	0	0	0	0	0	0	0	0	0	0	0	0	0
31394197-31394197_analysis_6	0	0	0	0	0	0	0	0	0	0	0	0	0	0
31394197-31394197_analysis_7	2	0	0	0	0	0	0	0	0	0	0	0	0	0
31394197-31394197_analysis_8	2	0	0	0	0	0	0	0	0	0	0	0	0	0
31394197-31394197_analysis_9	13	0	0	0	0	0	0	0	0	0	0	0	0	0
31420667-31420667_analysis_0	2	0	0	0	0	0	0	0	0	0	0	0	0	0
31420667-31420667_analysis_1	1	0	0	0	0	0	0	0	0	0	0	0	0	0
31439409-31439409_analysis_0	7	0	0	0	0	0	0	0	0	0	0	0	0	0
31512192-31512192_analysis_0	0	0	0	0	0	0	0	0	0	0	0	0	0	0
31622796-31622796_analysis_0	6	0	0	0	0	0	0	0	0	0	0	0	0	0
31622796-31622796_analysis_1	2	0	0	0	0	0	0	0	0	0	0	0	0	0
31647945-31647945_analysis_0	4	0	0	0	0	0	0	0	0	0	0	0	0	0
31647945-31647945_analysis_1	6	0	0	0	0	0	0	0	0	0	0	0	0	0
31706906-31706906_analysis_0	0	0	0	0	0	0	0	0	0	0	0	0	0	0
31706906-31706906_analysis_1	0	0	0	0	0	0	0	0	0	0	0	0	0	0
31715379-31715379_analysis_0	1	0	0	0	0	0	0	0	0	0	0	0	0	0
31715379-31715379_analysis_1	0	0	0	0	0	0	0	0	0	0	0	0	0	0
31715379-31715379_analysis_3	1	0	1	0	0	0	0	0	0	0	0	0	0	0
31715379-31715379_analysis_4	0	0	0	0	0	0	0	0	0	0	0	0	0	0
31715379-31715379_analysis_5	0	0	0	0	0	0	0	0	0	0	0	0	0	0
31715379-31715379_analysis_7	0	0	0	0	0	0	0	0	0	0	0	0	0	0
31740271-31740271_analysis_0	1	0	0	0	0	0	0	0	0	0	0	0	0	0
31740723-31740723_analysis_0	18	0	0	0	0	0	0	0	0	0	0	0	0	0
31746092-31746092_analysis_0	10	2	0	0	0	0	0	0	0	0	0	0	0	0
31746092-31746092_analysis_1	3	0	0	0	0	0	0	0	0	0	0	0	0	0
31863407-31863407_analysis_0	4	0	0	0	0	0	0	0	0	0	0	0	0	0
31863407-31863407_analysis_1	3	0	0	0	0	0	0	0	0	0	0	0	0	0
31874448-31874448_analysis_0	1	0	0	0	0	0	0	0	0	0	0	0	0	0
31874448-31874448_analysis_1	0	0	0	0	0	0	0	0	0	0	0	0	0	0
31892465-31892465_analysis_0	9	0	0	0	0	0	0	0	0	0	0	0	0	0
31908107-31908107_analysis_0	0	0	0	0	0	0	0	0	0	0	0	0	0	0
31908107-31908107_analysis_1	0	0	0	0	0	0	0	0	0	0	0	0	0	0
31908107-31908107_analysis_10	0	0	0	0	0	0	0	0	0	0	0	0	0	0
31908107-31908107_analysis_11	1	0	0	0	0	0	0	0	0	0	0	0	0	0
31908107-31908107_analysis_12	0	0	0	0	0	0	0	0	0	0	0	0	0	0
31908107-31908107_analysis_13	2	0	0	0	0	0	0	0	0	0	0	0	0	0
31908107-31908107_analysis_14	0	0	0	0	0	0	0	0	0	0	0	0	0	0
31908107-31908107_analysis_15	0	0	0	0	0	0	0	0	0	0	0	0	0	0
31908107-31908107_analysis_16	0	0	0	0	0	0	0	0	0	0	0	0	0	0
31908107-31908107_analysis_17	1	0	0	0	0	0	0	0	0	0	0	0	0	0
31908107-31908107_analysis_18	0	0	0	0	0	0	0	0	0	0	0	0	0	0
31908107-31908107_analysis_19	0	1	0	0	0	0	0	0	0	0	0	0	0	0
31908107-31908107_analysis_2	0	0	0	0	0	0	0	0	0	0	0	0	0	0
31908107-31908107_analysis_3	1	0	0	0	0	0	0	0	0	0	0	0	0	0
31908107-31908107_analysis_4	1	0	0	0	0	0	0	0	0	0	0	0	0	0
31908107-31908107_analysis_5	0	0	0	0	0	0	0	0	0	0	0	0	0	0
31908107-31908107_analysis_6	0	0	0	0	0	0	0	0	0	0	0	0	0	0
31908107-31908107_analysis_7	0	0	0	0	0	0	0	0	0	0	0	0	0	0
31908107-31908107_analysis_8	1	0	0	0	0	0	0	0	0	0	0	0	0	0
31908107-31908107_analysis_9	1	0	0	0	0	0	0	0	0	0	0	0	0	0
31931900-31931900_analysis_0	2	1	0	0	0	0	0	0	0	0	0	0	0	0
31931900-31931900_analysis_1	1	0	0	0	0	0	0	0	0	0	0	0	0	0
31972520-31972520_analysis_1	10	0	0	0	0	0	0	0	0	0	0	0	0	0
31972520-31972520_analysis_10	3	0	0	0	0	0	0	0	0	0	0	0	0	0
31972520-31972520_analysis_12	2	0	0	0	0	0	0	0	0	0	0	0	0	0
31972520-31972520_analysis_2	2	0	0	0	0	0	0	0	0	0	0	0	0	0
31972520-31972520_analysis_3	2	0	0	0	0	0	0	0	0	0	0	0	0	0
31972520-31972520_analysis_6	0	0	0	0	0	0	0	0	0	0	0	0	0	0
31972520-31972520_analysis_8	0	0	0	0	0	0	0	0	0	0	0	0	0	0
32017280-32017280_analysis_0	1	0	0	0	0	0	0	0	0	0	0	0	0	0
32076819-32076819_analysis_0	6	1	0	0	0	0	0	0	0	0	0	0	0	0
32090510-32090510_analysis_0	3	0	0	0	0	0	0	0	0	0	0	0	0	0
32184386-32184386_analysis_0	9	0	0	0	1	0	0	0	0	0	0	0	0	0
32188908-32188908_analysis_0	3	0	0	0	0	0	0	0	0	0	0	0	0	0
32188908-32188908_analysis_1	3	0	0	0	0	0	0	0	0	0	0	0	0	0
32188908-32188908_analysis_2	2	0	0	0	0	0	0	0	0	0	0	0	0	0
32285159-32285159_analysis_0	4	0	0	0	0	0	0	0	0	0	0	0	0	0
32359232-32359232_analysis_0	4	0	0	0	0	0	0	0	0	0	0	0	0	0
32359232-32359232_analysis_2	2	0	0	0	0	0	0	0	0	0	0	0	0	0
32359232-32359232_analysis_3	0	0	0	0	0	0	0	0	0	0	0	0	0	0
32359232-32359232_analysis_4	6	0	0	0	0	0	0	0	0	0	0	0	0	0
32359232-32359232_analysis_5	0	0	0	0	0	0	0	1	0	0	0	0	0	0
32359232-32359232_analysis_6	2	0	0	0	0	0	0	0	0	0	0	0	0	0
32359232-32359232_analysis_7	1	0	0	0	0	0	0	0	0	0	0	0	0	0
32359232-32359232_analysis_8	1	0	0	0	0	0	0	0	0	0	0	0	0	0
32359232-32359232_analysis_9	1	0	0	0	0	0	0	0	0	0	0	0	0	0
32541652-32541652_analysis_0	2	0	0	0	0	0	0	0	0	0	0	0	0	0
32541652-32541652_analysis_1	3	0	0	0	0	0	0	0	0	0	0	0	0	0
32541652-32541652_analysis_2	2	0	0	0	0	0	0	0	0	0	0	0	0	0
32541652-32541652_analysis_3	3	0	0	0	0	0	0	0	0	0	0	0	0	0
32541652-32541652_analysis_4	5	0	0	0	0	0	0	0	0	0	0	0	0	0
32541652-32541652_analysis_5	3	0	0	0	0	0	0	0	0	0	0	0	0	0
32541652-32541652_analysis_6	0	0	0	0	0	0	0	0	0	0	0	0	0	0
32541652-32541652_analysis_7	2	0	0	0	0	0	0	0	0	0	0	0	0	0
32541652-32541652_analysis_8	2	0	0	0	0	0	0	0	0	0	0	0	0	0
32541652-32541652_analysis_9	1	0	0	0	0	0	0	0	0	0	0	0	0	0
32553642-32553642_analysis_0	0	0	0	0	0	0	0	0	0	0	0	0	0	0
32553642-32553642_analysis_1	1	0	0	0	0	0	0	0	0	0	0	0	0	0
32599553-32599553_analysis_0	11	0	0	0	0	0	0	0	0	0	0	0	0	0
32599553-32599553_analysis_1	2	0	0	0	0	0	0	0	0	0	0	0	0	0
32599553-32599553_analysis_2	2	0	0	0	0	0	0	0	0	0	0	0	0	0
32599553-32599553_analysis_3	6	0	0	0	0	0	0	0	0	0	0	0	0	0
32599553-32599553_analysis_4	7	0	0	0	0	0	0	0	0	0	0	0	0	0
32599553-32599553_analysis_5	0	0	0	0	0	0	0	0	0	0	0	0	0	0
32599553-32599553_analysis_6	4	1	0	0	0	0	0	0	0	0	0	0	0	0
32678839-32678839_analysis_0	3	0	0	0	0	0	0	0	0	0	0	0	0	0
32713944-32713944_analysis_0	4	0	0	0	0	0	0	0	0	0	0	0	0	0
32853997-32853997_analysis_0	2	0	0	0	0	0	0	0	0	0	0	0	0	0
32857473-32857473_analysis_0	1	0	0	0	0	0	0	0	0	0	0	0	0	0
32862560-32862560_analysis_0	0	0	0	0	0	0	0	0	0	0	0	0	0	0
32862560-32862560_analysis_1	0	0	0	0	0	0	0	0	0	0	0	0	0	0
32862560-32862560_analysis_10	3	0	0	0	0	0	0	0	0	0	0	0	0	0
32862560-32862560_analysis_2	0	0	0	0	0	0	0	0	0	0	0	0	0	0
32862560-32862560_analysis_3	0	0	0	0	0	0	0	0	0	0	0	0	0	0
32862560-32862560_analysis_4	2	0	0	0	0	0	0	0	0	0	0	0	0	0
32862560-32862560_analysis_5	1	0	0	0	0	0	0	0	0	0	0	0	0	0
32862560-32862560_analysis_6	1	0	0	0	0	0	0	0	0	0	0	0	0	0
32862560-32862560_analysis_7	0	0	0	0	0	0	0	0	0	0	0	0	0	0
32862560-32862560_analysis_8	1	0	0	0	0	0	0	0	0	0	0	0	0	0
32862560-32862560_analysis_9	1	0	0	0	0	0	0	0	0	0	0	0	0	0
9331351-9331351_analysis_0	6	0	0	0	0	0	0	0	0	0	0	0	0	0
9331351-9331351_analysis_1	4	0	0	0	0	0	0	0	0	0	0	0	0	0
9331351-9331351_analysis_2	28	0	0	0	0	0	0	0	0	0	0	0	0	0
9331351-9331351_analysis_3	4	0	0	0	0	0	0	0	0	0	0	0	0	0
9331351-9331351_analysis_4	0	0	0	0	0	0	0	0	0	0	0	0	0	0
9331351-9331351_analysis_5	0	0	0	0	0	0	0	0	0	0	0	0	0	0
