pmid,type,source,full_text_path,in_included_set
29760183,incomplete,/home/zorro/repos/autonima-results/articles/ace_outputs/,/home/zorro/repos/autonima-results/articles/ace_outputs/html/pond/29760183.html,True
29771359,incomplete,/home/zorro/repos/autonima-results/articles/ace_outputs/,/home/zorro/repos/autonima-results/articles/ace_outputs/html/pond/29771359.html,True
30154703,incomplete,/home/zorro/repos/autonima-results/articles/ace_outputs/,/home/zorro/repos/autonima-results/articles/ace_outputs/html/pond/30154703.html,True
30698656,incomplete,/home/zorro/repos/autonima-results/articles/ace_outputs/,/home/zorro/repos/autonima-results/articles/ace_outputs/html/pond/30698656.html,True
30794869,incomplete,/home/zorro/repos/autonima-results/articles/ace_outputs/,/home/zorro/repos/autonima-results/articles/ace_outputs/html/pond/30794869.html,True
11352615,unavailable,pubget,,True
12202103,unavailable,pubget,,True
18234518,unavailable,pubget,,True
19739909,unavailable,pubget,,True
