pmid,table_id,table_label,x,y,z,p_value,region,size,statistic,groups
15528097,1,Table 2.,17.0,18.0,19.0,,,-89,-2,
15528097,1,Table 2.,6.0,8.0,9.0,,5.52,50,-8,
15528097,2,Table 3.,17.0,18.0,19.0,,-77,1021,4.37,
15528097,2,Table 3.,8.0,9.0,10.0,,36,429,4.35,
20350171,4,Table 1,-32.0,-34.0,-22.0,,Fusiform gyrus (anterior),a,7.8,First (P1–Cp1)
20350171,4,Table 1,-32.0,-32.0,-14.0,,Fusiform gyrus (anterior),b,5.07,Second (P2–Cp2)
20350171,4,Table 1,-26.0,-34.0,-14.0,,Fusiform gyrus (anterior),a,7.39,First (P1–Cp1)
20350171,4,Table 1,-32.0,-32.0,-14.0,,Fusiform gyrus (anterior),b,5.07,Second (P2–Cp2)
20350171,4,Table 1,38.0,-30.0,-18.0,,Fusiform gyrus (anterior),a,9.58,First (P1–Cp1)
20350171,4,Table 1,-32.0,-32.0,-14.0,,Fusiform gyrus (anterior),b,5.07,Second (P2–Cp2)
20350171,4,Table 1,-26.0,-18.0,-20.0,,Parahippocampal gyrus,a,7.35,First (P1–Cp1)
20350171,4,Table 1,-28.0,-20.0,-22.0,,Parahippocampal gyrus,210b,7.06,Second (P2–Cp2)
20350171,4,Table 1,32.0,-16.0,-22.0,,Parahippocampal gyrus,31622a,10.93,First (P1–Cp1)
20350171,4,Table 1,-28.0,-20.0,-22.0,,Parahippocampal gyrus,210b,7.06,Second (P2–Cp2)
20350171,4,Table 1,-18.0,-8.0,-22.0,,Amygdala,a,6.91,First (P1–Cp1)
20350171,4,Table 1,-28.0,14.0,-24.0,,Temporal pole/orbitotemporoinsular junction,a,9.4,First (P1–Cp1)
20350171,4,Table 1,-24.0,10.0,-24.0,,Temporal pole/orbitotemporoinsular junction,365c,6.6,Second (P2–Cp2)
20350171,4,Table 1,28.0,18.0,-26.0,,Temporal pole/orbitotemporoinsular junction,a,9.41,First (P1–Cp1)
20350171,4,Table 1,26.0,18.0,-22.0,,Temporal pole/orbitotemporoinsular junction,1382d,6.51,Second (P2–Cp2)
20350171,4,Table 1,-62.0,-8.0,-18.0,,Middle temporal gyrus (anterior),a,8.68,First (P1–Cp1)
20350171,4,Table 1,58.0,-2.0,-22.0,,Middle temporal gyrus (anterior),a,9.02,First (P1–Cp1)
20350171,4,Table 1,60.0,-4.0,-24.0,,Middle temporal gyrus (anterior),d,5.47,Second (P2–Cp2)
20350171,4,Table 1,-54.0,-54.0,-8.0,,Inferior temporal gyrus (posterior),a,7.08,First (P1–Cp1)
20350171,4,Table 1,48.0,-50.0,-22.0,,Inferior temporal gyrus (posterior),a,6.09,First (P1–Cp1)
20350171,4,Table 1,62.0,-40.0,-8.0,,Middle temporal gyrus (posterior),a,6.66,First (P1–Cp1)
20350171,4,Table 1,-48.0,-56.0,18.0,,STS (posterior),b,9.83,First (P1–Cp1)
20350171,4,Table 1,-44.0,-56.0,18.0,,STS (posterior),214,4.91,Second (P2–Cp2)
20350171,4,Table 1,56.0,-52.0,14.0,,STS (posterior),a,7.06,First (P1–Cp1)
20350171,4,Table 1,-44.0,-56.0,18.0,,STS (posterior),214,4.91,Second (P2–Cp2)
20350171,4,Table 1,-52.0,-62.0,26.0,,TPJ,3033b,9.87,First (P1–Cp1)
20350171,4,Table 1,48.0,-64.0,18.0,,TPJ,a,6.77,First (P1–Cp1)
20350171,4,Table 1,48.0,-68.0,26.0,,TPJ,e,4.71,Second (P2–Cp2)
20350171,4,Table 1,-32.0,-76.0,42.0,,Occipito-TPJ,b,8.12,First (P1–Cp1)
20350171,4,Table 1,-34.0,-76.0,30.0,,Occipito-TPJ,241,5.04,Second (P2–Cp2)
20350171,4,Table 1,30.0,-78.0,40.0,,Occipito-TPJ,124,5.01,First (P1–Cp1)
20350171,4,Table 1,32.0,-74.0,40.0,,Occipito-TPJ,907e,6.23,Second (P2–Cp2)
20350171,4,Table 1,38.0,-46.0,48.0,,Intraparietal sulcus,e,5.8,Second (P2–Cp2)
20350171,4,Table 1,-8.0,-58.0,16.0,,Occipito-parietal sulcus,a,8.86,First (P1–Cp1)
20350171,4,Table 1,-8.0,-68.0,26.0,,Occipito-parietal sulcus,a,7.07,First (P1–Cp1)
20350171,4,Table 1,12.0,-54.0,20.0,,Occipito-parietal sulcus,a,8.13,First (P1–Cp1)
20350171,4,Table 1,10.0,-62.0,30.0,,Occipito-parietal sulcus,a,5.47,Second (P2–Cp2)
20350171,4,Table 1,4.0,-52.0,14.0,,Occipito-parietal sulcus,a,8.32,First (P1–Cp1)
20350171,4,Table 1,10.0,-54.0,10.0,,Occipito-parietal sulcus,a,4.66,Second (P2–Cp2)
20350171,4,Table 1,12.0,-58.0,40.0,,Precuneus,a,6.62,First (P1–Cp1)
20350171,4,Table 1,6.0,-64.0,36.0,,Precuneus,a,5.37,Second (P2–Cp2)
20350171,4,Table 1,-2.0,-42.0,40.0,,Posterior cingulate cortex (posterodorsal),a,10.09,First (P1–Cp1)
20350171,4,Table 1,6.0,-44.0,28.0,,Posterior cingulate cortex (posterodorsal),a,8.03,First (P1–Cp1)
20350171,4,Table 1,4.0,-42.0,30.0,,Posterior cingulate cortex (posterodorsal),a,6.03,Second (P2–Cp2)
20350171,4,Table 1,-4.0,-18.0,34.0,,Callosal sulcus (posterior),a,7.9,First (P1–Cp1)
20350171,4,Table 1,0.0,-26.0,36.0,,Callosal sulcus (posterior),a,6.21,Second (P2–Cp2)
20350171,4,Table 1,-2.0,6.0,32.0,,Callosal sulcus (middle),a,5.8,First (P1–Cp1)
20350171,4,Table 1,4.0,2.0,30.0,,Callosal sulcus (middle),a,5.54,Second (P2–Cp2)
20350171,4,Table 1,-2.0,22.0,20.0,,Callosal sulcus (anterior),a,6.04,First (P1–Cp1)
20350171,4,Table 1,-4.0,50.0,34.0,,Medial frontal gyrus (anterodorsal),a,8.22,First (P1–Cp1)
20350171,4,Table 1,-6.0,56.0,22.0,,Medial frontal gyrus (anterodorsal),a,7.81,First (P1–Cp1)
20350171,4,Table 1,2.0,56.0,24.0,,Medial frontal gyrus (anterodorsal),a,5.51,Second (P2–Cp2)
20350171,4,Table 1,-6.0,56.0,22.0,,Medial frontal gyrus (anterodorsal),a,7.81,First (P1–Cp1)
20350171,4,Table 1,6.0,58.0,4.0,,Medial frontal gyrus (anterodorsal),a,6.72,Second (P2–Cp2)
20350171,4,Table 1,-6.0,54.0,-16.0,,Medial frontal gyrus (anteroventral),a,8.89,First (P1–Cp1)
20350171,4,Table 1,0.0,42.0,-20.0,,Medial frontal gyrus (anteroventral),a,5.36,Second (P2–Cp2)
20350171,4,Table 1,0.0,34.0,-18.0,,Medial frontal gyrus (rostral),a,5.6,Second (P2–Cp2)
20350171,4,Table 1,-6.0,36.0,-2.0,,ACC (rostral),a,10.59,First (P1–Cp1)
20350171,4,Table 1,0.0,36.0,-10.0,,ACC (rostral),a,5.41,Second (P2–Cp2)
20350171,4,Table 1,-6.0,42.0,6.0,,ACC (polar),a,9.19,First (P1–Cp1)
20350171,4,Table 1,-6.0,46.0,8.0,,ACC (polar),7692a,9.85,Second (P2–Cp2)
20350171,4,Table 1,-8.0,44.0,18.0,,ACC (polar),a,9.71,First (P1–Cp1)
20350171,4,Table 1,-6.0,48.0,22.0,,ACC (polar),a,5.33,Second (P2–Cp2)
20350171,4,Table 1,-22.0,38.0,42.0,,Superior frontal gyrus,a,6.78,First (P1–Cp1)
20350171,4,Table 1,-20.0,48.0,42.0,,Superior frontal gyrus,a,5.69,Second (P2–Cp2)
20350171,4,Table 1,-22.0,38.0,42.0,,Superior frontal gyrus,a,6.78,First (P1–Cp1)
20350171,4,Table 1,24.0,40.0,36.0,,Superior frontal gyrus,a,5.3,Second (P2–Cp2)
20350171,4,Table 1,-42.0,10.0,46.0,,Middle frontal gyrus,c,5.98,First (P1–Cp1)
20350171,4,Table 1,-54.0,28.0,-6.0,,Inferior frontal gyrus (pars orbitalis),a,5.72,First (P1–Cp1)
20350171,4,Table 1,-44.0,14.0,26.0,,Inferior frontal gyrus (pars triangularis),876c,7.87,First (P1–Cp1)
20350171,4,Table 1,-52.0,32.0,6.0,,Inferior frontal gyrus (pars triangularis),c,4.4,First (P1–Cp1)
20350171,4,Table 1,-52.0,32.0,8.0,,Inferior frontal gyrus (pars triangularis),137g,4.44,Second (P2–Cp2)
20350171,4,Table 1,-50.0,38.0,0.0,,Inferior frontal gyrus (pars triangularis),c,4.08,First (P1–Cp1)
20350171,4,Table 1,-48.0,32.0,0.0,,Inferior frontal gyrus (pars triangularis),g,3.98,Second (P2–Cp2)
20350171,4,Table 1,54.0,26.0,8.0,,Inferior frontal gyrus (pars triangularis),a,9.06,First (P1–Cp1)
20350171,4,Table 1,42.0,8.0,18.0,,Inferior frontal gyrus (pars triangularis),d,4.4,First (P1–Cp1)
20350171,4,Table 1,46.0,14.0,18.0,,Inferior frontal gyrus (pars triangularis),227,5.29,Second (P2–Cp2)
20350171,4,Table 1,42.0,8.0,18.0,,Inferior frontal gyrus (pars triangularis),d,4.4,First (P1–Cp1)
20350171,4,Table 1,50.0,42.0,8.0,,Inferior frontal gyrus (pars triangularis),d,4.88,Second (P2–Cp2)
20350171,4,Table 1,38.0,12.0,34.0,,Inferior frontal sulcus,294d,4.99,First (P1–Cp1)
20350171,4,Table 1,40.0,10.0,32.0,,Inferior frontal sulcus,232,5.98,Second (P2–Cp2)
20350171,4,Table 1,-6.0,2.0,-8.0,,Ventral striatum,a,7.35,First (P1–Cp1)
20350171,4,Table 1,-4.0,-10.0,4.0,,Thalamus,a,10.32,First (P1–Cp1)
20350171,4,Table 1,6.0,-26.0,0.0,,Thalamus,572f,6.16,Second (P2–Cp2)
20350171,4,Table 1,6.0,-24.0,-14.0,,Midbrain,a,7.96,First (P1–Cp1)
20350171,4,Table 1,10.0,-26.0,-12.0,,Midbrain,f,4.48,Second (P2–Cp2)
20350171,5,Table 2,-14.0,38.0,48.0,,Superior frontal gyrus,184,5.75,
20350171,5,Table 2,-50.0,20.0,-4.0,,Inferior frontal gyrus (pars orbitalis),566a,6.16,
20350171,5,Table 2,-48.0,30.0,8.0,,Inferior frontal gyrus (pars triangularis),a,5.41,
20350171,5,Table 2,-44.0,16.0,14.0,,Inferior frontal gyrus (pars triangularis),a,3.66,
20350171,5,Table 2,-4.0,-12.0,36.0,,Callosal sulcus (posterior),b,4.84,
20350171,5,Table 2,0.0,2.0,28.0,,Callosal sulcus (middle),392b,5.3,
20350171,5,Table 2,4.0,24.0,16.0,,Callosal sulcus (anterior),b,4.55,
20350171,5,Table 2,4.0,-36.0,36.0,,Posterior cingulate cortex (posterodorsal),b,4.64,
20350171,6,Table 3,-30.0,-24.0,-26.0,,Fusiform gyrus (anterior),1192b,8.72,First (P1–F1)
20350171,6,Table 3,-28.0,-36.0,-16.0,,Fusiform gyrus (anterior),b,7.82,First (P1–F1)
20350171,6,Table 3,32.0,-32.0,-18.0,,Fusiform gyrus (anterior),c,5.98,First (P1–F1)
20350171,6,Table 3,-28.0,-18.0,-28.0,,Parahippocampal gyrus,b,7.34,First (P1–F1)
20350171,6,Table 3,22.0,-30.0,-18.0,,Parahippocampal gyrus,c,7.72,First (P1–F1)
20350171,6,Table 3,-18.0,-4.0,-14.0,,Amygdala,c,6.06,First (P1–F1)
20350171,6,Table 3,-38.0,14.0,-18.0,,Temporal pole/orbitotemporoinsular junction,c,5.8,First (P1–F1)
20350171,6,Table 3,28.0,18.0,-26.0,,Temporal pole/orbitotemporoinsular junction,c,6.91,First (P1–F1)
20350171,6,Table 3,26.0,22.0,-24.0,,Temporal pole/orbitotemporoinsular junction,a,6.54,Second (P2–F2)
20350171,6,Table 3,-58.0,-4.0,-22.0,,Middle temporal gyrus (anterior),169,5.46,First (P1–F1)
20350171,6,Table 3,56.0,-2.0,-22.0,,Middle temporal gyrus (anterior),c,6.55,First (P1–F1)
20350171,6,Table 3,54.0,-6.0,-22.0,,Middle temporal gyrus (anterior),384,6.04,Second (P2–F2)
20350171,6,Table 3,64.0,-42.0,-8.0,,Middle temporal gyrus (posterior),363g,5.63,First (P1–F1)
20350171,6,Table 3,-56.0,-58.0,16.0,,STS (posterior),e,6.01,First (P1–F1)
20350171,6,Table 3,64.0,-52.0,14.0,,STS (posterior),d,6.7,First (P1–F1)
20350171,6,Table 3,48.0,-64.0,18.0,,STS (posterior),1344d,7.51,First (P1–F1)
20350171,6,Table 3,52.0,-58.0,24.0,,STS (posterior),424,6.34,Second (P2–F2)
20350171,6,Table 3,-44.0,-76.0,24.0,,Occipito-TPJ,1631e,6.57,First (P1–F1)
20350171,6,Table 3,-36.0,-74.0,32.0,,Occipito-TPJ,142,4.46,Second (P2–F2)
20350171,6,Table 3,-44.0,-76.0,24.0,,Occipito-TPJ,1631e,6.57,First (P1–F1)
20350171,6,Table 3,30.0,-74.0,44.0,,Occipito-TPJ,164,5.41,Second (P2–F2)
20350171,6,Table 3,38.0,-50.0,36.0,,Intraparietal sulcus,243e,4.72,Second (P2–F2)
20350171,6,Table 3,34.0,-50.0,54.0,,Intraparietal sulcus,e,4.29,Second (P2–F2)
20350171,6,Table 3,-10.0,-58.0,14.0,,Occipito-parietal sulcus,13707c,8.28,First (P1–F1)
20350171,6,Table 3,-8.0,-68.0,22.0,,Occipito-parietal sulcus,b,5.8,Second (P2–F2)
20350171,6,Table 3,-6.0,-68.0,24.0,,Occipito-parietal sulcus,c,6.9,First (P1–F1)
20350171,6,Table 3,-4.0,-66.0,28.0,,Occipito-parietal sulcus,b,6.41,Second (P2–F2)
20350171,6,Table 3,12.0,-58.0,24.0,,Occipito-parietal sulcus,c,7.89,First (P1–F1)
20350171,6,Table 3,10.0,-62.0,28.0,,Occipito-parietal sulcus,3120b,7.35,Second (P2–F2)
20350171,6,Table 3,12.0,-58.0,8.0,,Occipito-parietal sulcus,c,6.49,First (P1–F1)
20350171,6,Table 3,8.0,-56.0,12.0,,Occipito-parietal sulcus,b,4.38,Second (P2–F2)
20350171,6,Table 3,8.0,-58.0,38.0,,Precuneus,c,6.16,First (P1–F1)
20350171,6,Table 3,6.0,-56.0,34.0,,Precuneus,b,6.51,Second (P2–F2)
20350171,6,Table 3,8.0,-48.0,32.0,,Posterior cingulate cortex (posterodorsal),c,6.4,First (P1–F1)
20350171,6,Table 3,4.0,-38.0,38.0,,Posterior cingulate cortex (posterodorsal),b,3.72,Second (P2–F2)
20350171,6,Table 3,-6.0,-48.0,24.0,,Posterior cingulate cortex (retrosplenial),b,5.42,Second (P2–F2)
20350171,6,Table 3,6.0,-42.0,26.0,,Posterior cingulate cortex (retrosplenial),b,4.51,Second (P2–F2)
20350171,6,Table 3,10.0,46.0,34.0,,Medial frontal gyrus (anterodorsal),c,8.02,First (P1–F1)
20350171,6,Table 3,8.0,52.0,34.0,,Medial frontal gyrus (anterodorsal),c,6.45,Second (P2–F2)
20350171,6,Table 3,6.0,48.0,18.0,,Medial frontal gyrus (anterodorsal),c,6.97,First (P1–F1)
20350171,6,Table 3,0.0,62.0,24.0,,Medial frontal gyrus (anterodorsal),c,5.84,Second (P2–F2)
20350171,6,Table 3,0.0,56.0,-16.0,,Medial frontal gyrus (anteroventral),c,6.06,First (P1–F1)
20350171,6,Table 3,0.0,56.0,-16.0,,Medial frontal gyrus (anteroventral),c,6.44,Second (P2–F2)
20350171,6,Table 3,-8.0,36.0,-2.0,,ACC (rostral),c,8.22,First (P1–F1)
20350171,6,Table 3,-4.0,42.0,2.0,,ACC (polar),c,7.96,First (P1–F1)
20350171,6,Table 3,-10.0,44.0,8.0,,ACC (polar),c,5.91,Second (P2–F2)
20350171,6,Table 3,2.0,44.0,8.0,,ACC (polar),c,6.77,First (P1–F1)
20350171,6,Table 3,10.0,44.0,14.0,,ACC (polar),4163c,6.58,Second (P2–F2)
20350171,6,Table 3,-22.0,60.0,8.0,,Frontal pole,c,5.74,Second (P2–F2)
20350171,6,Table 3,54.0,22.0,26.0,,Inferior frontal gyrus (pars triangularis),1188f,5.8,First (P1–F1)
20350171,6,Table 3,52.0,12.0,22.0,,Inferior frontal gyrus (pars triangularis),a,7.53,Second (P2–F2)
20350171,6,Table 3,54.0,30.0,8.0,,Inferior frontal gyrus (pars triangularis),f,5.27,First (P1–F1)
20350171,6,Table 3,52.0,12.0,22.0,,Inferior frontal gyrus (pars triangularis),a,7.53,Second (P2–F2)
20350171,6,Table 3,48.0,44.0,2.0,,Inferior frontal gyrus (pars triangularis),a,6.1,Second (P2–F2)
20350171,6,Table 3,42.0,14.0,36.0,,Inferior frontal sulcus,f,5.56,First (P1–F1)
20350171,6,Table 3,44.0,16.0,30.0,,Inferior frontal sulcus,2774a,9.33,Second (P2–F2)
20350171,6,Table 3,-6.0,0.0,-10.0,,Ventral striatum,c,6.8,First (P1–F1)
20350171,6,Table 3,-4.0,-10.0,2.0,,Thalamus,c,5.85,First (P1–F1)
20350171,6,Table 3,-2.0,-24.0,2.0,,Thalamus,d,5.41,Second (P2–F2)
20350171,6,Table 3,2.0,-22.0,-16.0,,Midbrain,c,6.52,First (P1–F1)
20350171,6,Table 3,8.0,-24.0,-14.0,,Midbrain,d,6.19,Second (P2–F2)
20350171,6,Table 3,-8.0,-52.0,-44.0,,Cerebellum (tonsil),247a,9.05,First (P1–F1)
22360624,7,Table 1,58.0,6.0,-10.0,,"Belin et al., 2000",,,Right STS/STG
22360624,7,Table 1,60.0,-1.0,-4.0,,"Belin et al., 2000",,,Right STS/STG
22360624,7,Table 1,63.0,-13.0,-1.0,,"Belin et al., 2000",,,Right STS/STG
22360624,7,Table 1,63.0,-13.0,-1.0,,"Belin et al., 2002",,,Right STS/STG
22360624,7,Table 1,60.0,-12.0,4.0,,"Gervais et al., 2004",,,Right STS/STG
22360624,7,Table 1,56.0,-20.0,-4.0,,"Gervais et al., 2004",,,Right STS/STG
22360624,7,Table 1,60.0,-9.0,-3.0,,Average of prior studies,,,Right STS/STG
22360624,7,Table 1,54.0,-10.0,-2.0,,Current study,,,Right STS/STG
22360624,7,Table 1,-62.0,-14.0,0.0,,"Belin et al., 2002",,,Left STS/STG
22360624,7,Table 1,-62.0,-14.0,0.0,,"Belin et al., 2000",,,Left STS/STG
22360624,7,Table 1,-64.0,-40.0,12.0,,"Gervais et al., 2004",,,Left STS/STG
22360624,7,Table 1,-64.0,-12.0,4.0,,"Gervais et al., 2004",,,Left STS/STG
22360624,7,Table 1,-63.0,-20.0,4.0,,Average of prior studies,,,Left STS/STG
22360624,7,Table 1,-54.0,-16.0,4.0,,Current study,,,Left STS/STG
22360624,8,Table 2,53.0,-7.0,1.0,,Right anterior STG,,,
22360624,8,Table 2,48.0,-28.0,4.0,,Right middle STS,,,
22360624,8,Table 2,-51.0,-7.0,-2.0,,Left anterior STG,,,
22360624,8,Table 2,-57.0,-22.0,4.0,,Left middle STG,,,
23574585,9,Table 1,54.0,-51.0,16.0,,Right,1218,,Group Mental > Group Physical///TPJ
23574585,9,Table 1,56.0,-57.0,14.0,,Right,891,,Member Mental > Member Physical///TPJ
23574585,9,Table 1,-46.0,-77.0,30.0,,Left,811,,Group Mental > Group Physical///TPJ
23574585,9,Table 1,-42.0,-63.0,28.0,,Left,1471,,Member Mental > Member Physical///TPJ
23574585,9,Table 1,-4.0,53.0,-10.0,,Ventral,1075,,Group Mental > Group Physical///MPFC
23574585,9,Table 1,-4.0,47.0,-8.0,,Ventral,579,,Member Mental > Member Physical///MPFC
23574585,9,Table 1,-8.0,61.0,36.0,,Dorsal,749,,Group Mental > Group Physical///MPFC
23574585,9,Table 1,-6.0,45.0,50.0,,Dorsal,490,,Member Mental > Member Physical///MPFC
23574585,9,Table 1,-56.0,-9.0,-22.0,,Left,798,,Group Mental > Group Physical///Anterior temporal cortex
23574585,9,Table 1,-54.0,-11.0,-16.0,,Left,1133,,Member Mental > Member Physical///Anterior temporal cortex
23574585,9,Table 1,56.0,-1.0,-22.0,,Right,769,,Group Mental > Group Physical///Anterior temporal cortex
23574585,9,Table 1,42.0,19.0,-32.0,,Right,897,,Member Mental > Member Physical///Anterior temporal cortex
23574585,9,Table 1,-8.0,-55.0,16.0,,Medial parietal cortex,524,,Group Mental > Group Physical///Anterior temporal cortex
23574585,9,Table 1,0.0,-49.0,28.0,,Medial parietal cortex,95,,Member Mental > Member Physical///Anterior temporal cortex
23574585,10,Table 2,-8.0,45.0,52.0,,Dorsal,1221,,Individual Mental > Individual Physical///MPFC
23574585,10,Table 2,8.0,61.0,26.0,,Dorsal,699,,Belief > Photo///MPFC
23574585,10,Table 2,-8.0,55.0,2.0,,Ventral,807,,Individual Mental > Individual Physical///MPFC
23574585,10,Table 2,-2.0,-51.0,22.0,,Medial parietal cortex,860,,Individual Mental > Individual Physical///MPFC
23574585,10,Table 2,10.0,-51.0,34.0,,Medial parietal cortex,2491,,Belief > Photo///MPFC
23574585,10,Table 2,-48.0,-17.0,-24.0,,Left,813,,Individual Mental > Individual Physical///Anterior temporal cortex
23574585,10,Table 2,62.0,-7.0,-18.0,,Right,123,,Individual Mental > Individual Physical///Anterior temporal cortex
23574585,10,Table 2,54.0,-3.0,-22.0,,Right,1484,,Belief > Photo///Anterior temporal cortex
23574585,10,Table 2,-54.0,-67.0,32.0,,Left,166,,Individual Mental > Individual Physical///TPJ
23574585,10,Table 2,-60.0,-59.0,20.0,,Left,561,,Belief > Photo///TPJ
23574585,10,Table 2,66.0,-49.0,26.0,,Right,80,,Individual Mental > Individual Physical///TPJ
23574585,10,Table 2,58.0,-53.0,30.0,,Right,888,,Belief > Photo///TPJ
23574585,10,Table 2,30.0,-83.0,-36.0,,Right,376,,Individual Mental > Individual Physical///Cerebellum
23574585,10,Table 2,-26.0,-79.0,-36.0,,Left,99,,Individual Mental > Individual Physical///Cerebellum
23574585,10,Table 2,-24.0,-77.0,-38.0,,Left,333,,Belief > Photo///Cerebellum
23574585,10,Table 2,44.0,-45.0,6.0,,STS,263,,Individual Mental > Individual Physical///Cerebellum
23574585,10,Table 2,-34.0,-31.0,-18.0,,Parahippocampal gyrus,130,,Individual Mental > Individual Physical///Cerebellum
23574585,10,Table 2,-48.0,29.0,-14.0,,Inferior frontal gyrus (orbital),116,,Individual Mental > Individual Physical///Cerebellum
23574585,11,Table 3,-6.0,41.0,32.0,,Dorsomedial pFC,133,3.78,
23574585,11,Table 3,-18.0,-69.0,54.0,,Precuneus,228,3.78,Medial parietal cortex
23574585,11,Table 3,-8.0,-49.0,16.0,,Posterior cingulate cortex,282,3.68,Medial parietal cortex
23574585,11,Table 3,-30.0,33.0,26.0,,Middle frontal gyrus,342,3.73,Medial parietal cortex
23574585,11,Table 3,-46.0,9.0,-34.0,,Left anterior temporal cortex,282,3.58,Medial parietal cortex
23574585,11,Table 3,40.0,-27.0,54.0,,Postcentral gyrus,142,3.58,Medial parietal cortex
23574585,11,Table 3,22.0,5.0,56.0,,Lateral superior frontal gyrus,775,3.56,Medial parietal cortex
23574585,11,Table 3,-18.0,1.0,66.0,,Lateral superior frontal gyrus,165,3.53,Medial parietal cortex
23574585,11,Table 3,56.0,-31.0,34.0,,Supramarginal gyrus,166,3.56,Medial parietal cortex
23574585,11,Table 3,-34.0,27.0,-14.0,,Inferior frontal gyrus (orbital),250,3.53,Medial parietal cortex
23574585,11,Table 3,-52.0,-39.0,24.0,,Left TPJ,133,3.44,Medial parietal cortex
24666131,12,Table 1,-31.0,-41.0,57.0,,LH PostCG (SI),324,5.332,"Interaction contrast (corresponding to Figure 3, yellow): [(hand/human hand > hand/fake hand) − (object/human hand > object/fake hand)]"
24666131,12,Table 1,-43.0,-32.0,33.0,,LH aIPL,567,4.607,"Interaction contrast (corresponding to Figure 4, yellow): [(object/human hand > object/fake hand) − (hand/human hand > hand/fake hand)]"
24666131,12,Table 1,-49.0,-65.0,3.0,,LH lOT,243,4.926,"Interaction contrast (corresponding to Figure 4, yellow): [(object/human hand > object/fake hand) − (hand/human hand > hand/fake hand)]"
24666131,12,Table 1,-58.0,-5.0,30.0,,LH PreCG,1269,7.098,Target effect [human hand > fake hand] − Modality effect: [object > hand]
24666131,12,Table 1,-37.0,-35.0,42.0,,LH PostCG/aIPL,1242,5.094,Target effect [human hand > fake hand] − Modality effect: [object > hand]
24666131,12,Table 1,-46.0,-8.0,15.0,,LH mIC,1863,6.322,Target effect [human hand > fake hand] − Modality effect: [object > hand]
24666131,12,Table 1,17.0,-56.0,-18.0,,RH Cerebellum,243,4.157,"Interaction contrast (corresponding to Figure 3, yellow/green): [(hand/human hand > hand/fake hand) − (object/human hand > object/fake hand)]"
24666131,12,Table 1,-7.0,40.0,3.0,,LH MPFC,162,3.921,"Interaction contrast (corresponding to Figure 3, yellow/green): [(hand/human hand > hand/fake hand) − (object/human hand > object/fake hand)]"
24666131,12,Table 1,-10.0,-92.0,-12.0,,LH OCC,8343,9.036,Interaction contrast: [(object/human hand > object/fake hand) − (hand/human hand > hand/fake hand)] − Target effect [human hand > fake hand] − Modality effect: [hand > object]
24666131,12,Table 1,32.0,-26.0,60.0,,RH PreCG,6075,8.471,Modality effect: [object > hand]
24666131,12,Table 1,41.0,-29.0,42.0,,RH PostCG,-,7.844,Modality effect: [object > hand]
24666131,12,Table 1,-37.0,-26.0,51.0,,LH PreCG,13698,6.398,Modality effect: [object > hand]
24666131,12,Table 1,-10.0,-14.0,45.0,,LH MCC,351,5.746,Modality effect: [object > hand]
26567160,13,Table 1,-10.0,40.0,48.0,,ACC/mPFC,"3,664",8.30,Attitude > Age
26567160,13,Table 1,-46.0,-64.0,26.0,,TPJ,"2,225",10.17,Attitude > Age
26567160,13,Table 1,56.0,-68.0,12.0,,TPJ,442,6.54,Attitude > Age
26567160,13,Table 1,-48.0,26.0,2.0,,IFG,"1,215",8.08,Attitude > Age
26567160,13,Table 1,54.0,30.0,-2.0,,IFG,78,7.36,Attitude > Age
26567160,13,Table 1,26.0,-82.0,-34.0,,Cerebellum-(Crus-I),216,7.27,Attitude > Age
26567160,13,Table 1,-2.0,-14.0,40.0,,MCC,117,6.45,Attitude > Age
26567160,13,Table 1,-6.0,-52.0,34.0,,PrC,43,5.36,Attitude > Age
26567160,13,Table 1,52.0,-6.0,-16.0,,Superior temporal sulcus,34,5.52,Attitude > Age
26567160,13,Table 1,42.0,12.0,-36.0,,Middle temporal gyrus/pole,13,5.85,Attitude > Age
26567160,13,Table 1,-12.0,-8.0,16.0,,Thalamus,12,4.70,Attitude > Age
26567160,13,Table 1,-2.0,36.0,2.0,,ACC/mPFC,"3,236",8.44,Trust > Age
26567160,13,Table 1,-50.0,-72.0,38.0,,TPJ,"1,145",8.78,Trust > Age
26567160,13,Table 1,60.0,-58.0,24.0,,TPJ,91,6.01,Trust > Age
26567160,13,Table 1,-46.0,-28.0,-4.0,,IFG,277,5.71,Trust > Age
26567160,13,Table 1,54.0,30.0,-2.0,,IFG,33,5.90,Trust > Age
26567160,13,Table 1,-52.0,-4.0,-30.0,,Middle temporal gyrus,162,5.83,Trust > Age
26567160,13,Table 1,26.0,-82.0,-34.0,,Cerebellum-(Crus-I),91,6.57,Trust > Age
26567160,13,Table 1,-6.0,-52.0,32.0,,PrC,40,5.16,Trust > Age
26567160,13,Table 1,-2.0,-14.0,40.0,,MCC,31,5.58,Trust > Age
26567160,13,Table 1,-44.0,-62.0,26.0,,TPJ,"2,859",10.04,Distrust > Age
26567160,13,Table 1,66.0,-44.0,26.0,,TPJ,514,6.54,Distrust > Age
26567160,13,Table 1,-8.0,52.0,42.0,,ACC/mPFC,"2,297",8.60,Distrust > Age
26567160,13,Table 1,-48.0,-2.0,-36.0,,Middle temporal gyrus,"1,427",8.49,Distrust > Age
26567160,13,Table 1,24.0,-76.0,-36.0,,Cerebellum-(Crus-I),242,7.07,Distrust > Age
26567160,13,Table 1,54.0,30.0,-2.0,,IFG extending to insula,66,7.08,Distrust > Age
26567160,13,Table 1,-42.0,-10.0,54.0,,IFG extending to insula,26,5.31,Distrust > Age
26567160,13,Table 1,-2.0,-14.0,40.0,,PCC,65,5.75,Distrust > Age
26567160,13,Table 1,56.0,-6.0,52.0,,Precentral gyrus,50,5.86,Distrust > Age
26567160,13,Table 1,56.0,-4.0,-16.0,,Superior temporal gyrus,26,5.29,Distrust > Age
26567160,13,Table 1,52.0,10.0,-20.0,,Temporal pole,19,5.09,Distrust > Age
26567160,15,Table 3,-12.0,-42.0,32.0,,PrC/PCC,41,3.67,Trust
26567160,15,Table 3,-50.0,26.0,16.0,,IFG,221,4.58,Distrust
26567160,15,Table 3,-38.0,6.0,-36.0,,Inferior temporal gyrus,21,3.74,Distrust
26567160,16,Table 4,-2.0,32.0,32.0,,ACC/mPFC,147,3.60,Precuneus Connectivity-Positive
26567160,16,Table 4,-40.0,28.0,24.0,,dlPFC,143,3.76,Precuneus Connectivity-Positive
26567160,16,Table 4,40.0,32.0,36.0,,dlPFC,137,3.72,Precuneus Connectivity-Positive
26567160,16,Table 4,-56.0,-46.0,46.0,,IPL,56,3.61,Precuneus Connectivity-Positive
26567160,16,Table 4,8.0,60.0,26.0,,Superior frontal gyrus-medial segment,56,3.69,Precuneus Connectivity-Positive
26567160,16,Table 4,8.0,50.0,52.0,,Superior frontal gyrus,52,3.97,Precuneus Connectivity-Positive
26567160,16,Table 4,10.0,26.0,68.0,,Superior frontal gyrus,45,4.09,Precuneus Connectivity-Positive
26567160,16,Table 4,32.0,0.0,22.0,,dmPFC,118,4.21,IFG Connectivity-Negative
26567160,16,Table 4,36.0,14.0,-26.0,,Temporopolar area,30,3.58,IFG Connectivity-Negative
30077577,17,Table 2,32.0,-54.0,6.0,,Parahippocampus,252,,
30077577,17,Table 2,32.0,16.0,10.0,,Insula,108,,
30077577,17,Table 2,-24.0,16.0,10.0,,Insula,184,,
30077577,17,Table 2,-14.0,-54.0,30.0,,Precuneus,246,,
30077577,17,Table 2,-54.0,-68.0,8.0,,Fusiform gyrus,266,,
30077577,17,Table 2,52.0,-70.0,0.0,,Fusiform gyrus,138,,
30077577,17,Table 2,-2.0,2.0,50.0,,Pre-SMA,192,,
