id	PositiveTail 1	PositiveTail 2	PositiveTail 3	PositiveTail 4	PositiveTail 5	PositiveTail 6	PositiveTail 7	PositiveTail 8	PositiveTail 9
11050021-11050021_analysis_0	0	0	0	0	0	0	0	0	0
11050021-11050021_analysis_1	0	0	0	0	0	0	0	0	0
11050021-11050021_analysis_2	0	1	0	0	0	0	0	0	0
11050021-11050021_analysis_3	0	0	0	0	0	0	0	0	0
11050021-11050021_analysis_4	0	2	0	0	0	0	0	0	0
14568477-14568477_analysis_0	0	2	0	0	0	0	0	0	0
14568477-14568477_analysis_1	0	1	0	0	0	0	0	0	0
14568477-14568477_analysis_2	0	0	0	0	0	0	0	0	0
14568477-14568477_analysis_3	0	2	0	0	0	0	0	0	0
14980212-14980212_analysis_0	0	5	0	0	0	0	0	0	0
14980212-14980212_analysis_1	0	5	0	0	0	0	0	0	0
14980212-14980212_analysis_2	0	0	0	0	0	0	0	0	0
14980212-14980212_analysis_3	0	8	0	0	0	0	0	0	0
15006683-15006683_analysis_0	1	3	1	0	0	0	0	0	0
15312815-15312815_analysis_0	0	4	6	0	0	0	0	0	0
15312815-15312815_analysis_1	0	0	0	0	0	0	0	0	0
15488424-15488424_analysis_0	0	4	0	0	0	0	0	0	1
15488424-15488424_analysis_1	0	4	2	0	0	0	0	0	0
15488424-15488424_analysis_2	2	1	1	0	0	0	0	0	0
15488424-15488424_analysis_3	0	2	1	0	0	0	0	0	0
15528090-15528090_analysis_0	0	4	0	0	0	0	0	0	0
15528097-15528097_analysis_0	0	1	2	0	0	0	0	0	0
15707614-15707614_analysis_0	0	11	0	0	0	0	0	0	0
15808992-15808992_analysis_0	0	2	0	0	0	0	0	0	0
15808992-15808992_analysis_1	1	2	2	0	0	0	0	0	0
15862225-15862225_analysis_0	1	4	2	0	0	0	0	0	0
15862225-15862225_analysis_1	0	1	1	0	0	0	0	0	0
15862225-15862225_analysis_2	0	1	3	0	0	0	0	0	0
15862225-15862225_analysis_3	1	2	1	0	0	0	0	0	0
16023041-16023041_analysis_0	0	7	1	0	0	0	0	0	0
16035037-16035037_analysis_0	1	3	1	0	0	0	0	0	0
16035037-16035037_analysis_1	0	4	0	0	0	0	0	0	0
16035037-16035037_analysis_2	0	3	0	0	0	0	0	0	0
16035037-16035037_analysis_3	0	0	0	0	0	0	0	0	0
16035037-16035037_analysis_4	0	2	1	0	0	0	0	0	0
16055351-16055351_analysis_0	0	4	0	0	0	0	0	0	0
16055351-16055351_analysis_1	0	1	0	0	0	0	0	0	0
16055351-16055351_analysis_2	1	3	0	0	0	0	0	0	0
16055351-16055351_analysis_3	0	4	1	0	0	0	0	0	0
16055351-16055351_analysis_4	1	1	0	0	0	0	0	0	0
16055351-16055351_analysis_5	0	1	0	0	0	0	0	0	0
16055351-16055351_analysis_6	1	2	2	0	0	0	0	0	0
16115783-16115783_analysis_0	1	20	2	0	0	0	0	0	0
16115783-16115783_analysis_1	0	2	0	0	0	0	0	0	0
16122944-16122944_analysis_0	1	2	0	0	0	0	0	0	0
16122944-16122944_analysis_1	0	1	1	0	0	0	0	0	0
16122944-16122944_analysis_2	0	2	0	0	0	0	0	0	0
16122944-16122944_analysis_3	0	0	0	0	0	0	0	0	0
16122944-16122944_analysis_4	0	2	1	0	0	0	0	0	0
16171833-16171833_analysis_0	0	0	2	0	0	0	0	0	0
16171833-16171833_analysis_1	0	5	0	0	0	0	0	0	0
16171833-16171833_analysis_2	0	1	1	0	0	0	0	0	0
16171833-16171833_analysis_3	0	3	1	0	0	0	0	0	0
16171833-16171833_analysis_4	0	0	1	0	0	0	0	0	0
16171833-16171833_analysis_5	0	1	0	0	0	0	0	0	0
16213690-16213690_analysis_0	6	5	5	0	0	0	0	0	0
16406606-16406606_analysis_0	0	3	0	0	0	0	0	0	0
16406606-16406606_analysis_1	0	0	0	0	0	0	0	0	0
16624578-16624578_analysis_0	1	2	1	0	0	0	0	0	0
16624578-16624578_analysis_1	0	2	0	0	0	0	0	0	0
16624578-16624578_analysis_10	0	0	0	0	0	0	0	0	0
16624578-16624578_analysis_2	1	2	0	0	0	0	0	0	0
16624578-16624578_analysis_3	1	1	0	0	0	0	0	0	0
16624578-16624578_analysis_4	0	3	0	0	0	0	0	0	0
16624578-16624578_analysis_5	0	1	0	0	0	0	0	0	0
16624578-16624578_analysis_6	0	1	0	0	0	0	0	0	0
16624578-16624578_analysis_7	0	0	0	0	0	0	0	0	0
16624578-16624578_analysis_8	0	1	0	0	0	0	0	0	0
16624578-16624578_analysis_9	0	0	0	0	0	0	0	0	0
16706860-16706860_analysis_0	0	9	1	0	0	0	0	0	0
16706860-16706860_analysis_1	0	0	2	0	0	0	0	0	0
16759672-16759672_analysis_0	0	2	1	0	0	0	0	0	0
16759672-16759672_analysis_1	0	3	1	0	0	0	0	0	0
16759672-16759672_analysis_2	0	2	0	0	0	0	0	0	0
16764897-16764897_analysis_0	0	7	1	0	0	0	0	0	0
16764897-16764897_analysis_1	0	1	0	0	0	0	0	0	0
16764897-16764897_analysis_2	0	1	0	0	0	0	0	0	0
16764897-16764897_analysis_3	0	1	0	0	0	0	0	0	0
16780808-16780808_analysis_0	0	6	1	0	0	0	0	0	0
16780808-16780808_analysis_1	0	4	2	0	0	0	0	0	0
16780808-16780808_analysis_2	1	5	2	0	0	0	0	0	0
16806312-16806312_analysis_0	0	3	1	0	0	0	0	0	0
16806312-16806312_analysis_1	0	1	0	0	0	0	0	0	0
16806312-16806312_analysis_2	0	1	0	0	0	0	0	0	0
16806312-16806312_analysis_3	0	3	1	0	0	0	0	0	0
16806312-16806312_analysis_4	0	4	0	0	0	0	0	0	0
16806312-16806312_analysis_5	0	0	1	0	0	0	0	0	0
17046722-17046722_analysis_0	0	1	1	0	0	0	0	0	0
17046722-17046722_analysis_1	0	1	0	0	0	0	0	0	0
17046722-17046722_analysis_2	0	1	0	0	0	0	0	0	0
17046722-17046722_analysis_3	0	4	0	0	0	0	0	0	0
17046722-17046722_analysis_4	0	0	0	0	0	0	0	0	0
17046722-17046722_analysis_5	0	2	1	0	0	0	0	0	0
17071110-17071110_analysis_0	0	8	0	0	0	0	0	0	0
17071110-17071110_analysis_1	0	1	0	0	0	0	0	0	0
17071110-17071110_analysis_2	0	6	0	0	0	0	0	0	0
17372621-17372621_analysis_0	0	0	0	0	0	0	0	0	0
17372621-17372621_analysis_1	0	3	1	0	0	0	0	0	0
17372621-17372621_analysis_10	0	0	0	0	0	0	0	0	0
17372621-17372621_analysis_11	0	0	0	0	0	0	0	0	0
17372621-17372621_analysis_2	0	0	0	0	0	0	0	0	0
17372621-17372621_analysis_3	0	3	1	0	0	0	0	0	0
17372621-17372621_analysis_4	0	0	0	0	0	0	0	0	0
17372621-17372621_analysis_5	0	0	1	0	0	0	0	0	0
17372621-17372621_analysis_6	0	0	1	0	0	0	0	0	0
17372621-17372621_analysis_7	0	0	0	0	0	0	0	0	0
17372621-17372621_analysis_8	0	0	0	0	0	0	0	0	0
17372621-17372621_analysis_9	0	0	0	0	0	0	0	0	0
17400195-17400195_analysis_0	0	4	0	0	0	0	0	0	0
17400195-17400195_analysis_1	0	3	0	0	0	0	0	0	0
17400195-17400195_analysis_10	0	4	0	0	0	0	0	0	0
17400195-17400195_analysis_11	0	6	0	0	0	0	0	0	0
17400195-17400195_analysis_12	0	4	0	0	0	0	0	0	0
17400195-17400195_analysis_13	0	3	0	0	0	0	0	0	0
17400195-17400195_analysis_2	0	2	1	0	0	0	0	0	0
17400195-17400195_analysis_3	0	1	0	0	0	0	0	0	0
17400195-17400195_analysis_4	0	5	0	0	0	0	0	0	0
17400195-17400195_analysis_5	0	9	0	0	0	0	0	0	0
17400195-17400195_analysis_6	0	1	0	0	0	0	0	0	0
17400195-17400195_analysis_7	0	0	0	0	0	0	0	0	0
17400195-17400195_analysis_8	0	2	0	0	0	0	0	0	0
17400195-17400195_analysis_9	0	3	0	0	0	0	0	0	0
17408704-17408704_analysis_0	0	2	0	0	0	0	0	0	0
17408704-17408704_analysis_1	0	5	0	0	0	0	0	0	0
17408704-17408704_analysis_2	0	5	0	0	0	0	0	0	0
17499173-17499173_analysis_0	0	27	0	0	0	0	0	0	0
17627852-17627852_analysis_0	0	3	1	0	0	0	0	0	0
17627852-17627852_analysis_1	0	3	0	0	1	1	0	0	0
17627852-17627852_analysis_2	0	2	1	0	0	0	0	0	0
17627852-17627852_analysis_3	1	0	1	0	0	0	0	0	0
17765572-17765572_analysis_0	1	6	2	0	0	0	0	1	0
17765572-17765572_analysis_1	0	0	0	0	0	0	0	0	0
17765572-17765572_analysis_2	1	6	4	0	0	0	0	0	0
17765572-17765572_analysis_3	0	0	0	0	0	0	0	0	0
17765572-17765572_analysis_4	0	5	2	0	0	0	0	0	0
17765572-17765572_analysis_5	0	0	0	0	0	0	0	0	0
17765572-17765572_analysis_6	1	5	2	0	0	0	0	0	0
17765572-17765572_analysis_7	0	2	0	0	0	0	0	0	0
17765572-17765572_analysis_8	0	4	2	0	0	0	0	0	0
17765572-17765572_analysis_9	0	0	0	0	0	0	0	0	0
17826962-17826962_analysis_0	0	6	0	0	0	0	0	0	0
17913474-17913474_analysis_0	3	13	5	0	0	0	0	0	0
17964185-17964185_analysis_0	0	10	1	0	0	0	0	0	0
17964741-17964741_analysis_0	0	7	3	0	0	0	0	0	0
17964741-17964741_analysis_1	0	4	0	0	0	0	0	0	0
17964741-17964741_analysis_2	0	3	0	0	0	0	0	0	0
17964741-17964741_analysis_3	0	2	0	0	0	0	0	0	0
17964741-17964741_analysis_4	0	0	0	0	0	0	0	0	0
18034695-18034695_analysis_0	0	1	0	0	0	0	0	0	0
18064585-18064585_analysis_0	0	8	1	0	0	0	0	0	0
18064585-18064585_analysis_1	0	4	0	0	0	0	0	0	0
18064585-18064585_analysis_2	0	0	0	0	0	0	0	0	0
18064585-18064585_analysis_3	0	0	0	0	0	0	0	0	0
18064585-18064585_analysis_4	0	3	0	0	0	0	0	0	0
18064585-18064585_analysis_5	0	6	0	0	0	0	0	0	0
18064585-18064585_analysis_6	0	2	1	0	0	0	0	0	0
18082427-18082427_analysis_0	0	18	1	0	0	0	0	0	0
18082427-18082427_analysis_1	0	8	0	0	0	0	0	0	0
18082427-18082427_analysis_2	0	35	0	0	0	0	0	0	0
18178386-18178386_analysis_0	0	2	0	0	0	0	0	0	0
18187342-18187342_analysis_0	0	0	1	0	0	0	0	0	0
18276163-18276163_analysis_0	0	11	3	0	0	0	0	0	0
18276163-18276163_analysis_1	0	8	0	0	0	0	0	0	0
18276163-18276163_analysis_2	0	2	0	0	0	0	0	0	0
18276163-18276163_analysis_3	0	4	0	0	0	0	0	0	0
18276163-18276163_analysis_4	0	2	0	0	0	0	0	0	0
18276163-18276163_analysis_5	0	1	0	0	0	0	0	0	0
18431500-18431500_analysis_0	2	2	2	0	0	0	0	0	0
18431500-18431500_analysis_1	1	0	3	0	0	0	0	0	0
18431500-18431500_analysis_2	0	2	1	0	0	0	0	0	0
18431500-18431500_analysis_3	1	2	0	0	0	0	0	0	0
18431500-18431500_analysis_4	0	0	1	0	0	0	0	0	0
18431500-18431500_analysis_5	0	0	1	0	0	0	0	0	0
18434197-18434197_analysis_0	0	0	9	0	0	0	0	0	0
18434197-18434197_analysis_1	2	0	1	0	0	0	0	0	0
18486489-18486489_analysis_0	0	0	1	0	0	0	0	0	0
18486489-18486489_analysis_1	1	0	3	0	0	0	0	0	0
18486489-18486489_analysis_2	0	4	3	0	0	0	0	0	0
18486489-18486489_analysis_3	0	0	1	0	0	0	0	0	0
18486489-18486489_analysis_4	0	0	0	0	0	0	0	0	0
18486489-18486489_analysis_5	0	1	0	0	0	0	0	0	0
18486489-18486489_analysis_6	2	4	2	0	0	0	0	0	0
18486489-18486489_analysis_7	0	0	1	0	0	0	0	0	0
18486489-18486489_analysis_8	0	0	0	0	0	0	0	0	0
18486489-18486489_analysis_9	1	11	2	0	0	0	0	0	0
18486491-18486491_analysis_0	1	7	1	0	0	0	0	0	0
18486491-18486491_analysis_1	0	8	1	0	0	0	0	0	0
18486491-18486491_analysis_2	0	1	0	0	0	0	0	0	0
18486491-18486491_analysis_3	0	2	1	0	0	0	0	0	0
18501639-18501639_analysis_0	0	0	0	0	0	0	0	0	0
18501639-18501639_analysis_1	0	2	0	0	0	0	0	0	0
18501639-18501639_analysis_10	1	0	2	0	0	0	0	0	0
18501639-18501639_analysis_11	0	1	0	0	0	0	0	0	0
18501639-18501639_analysis_12	1	1	2	0	0	0	0	0	0
18501639-18501639_analysis_13	0	1	0	0	0	0	0	0	0
18501639-18501639_analysis_14	0	0	0	0	0	0	0	0	0
18501639-18501639_analysis_2	0	0	0	0	0	0	0	0	0
18501639-18501639_analysis_3	0	0	0	0	0	0	0	0	0
18501639-18501639_analysis_4	0	0	0	0	0	0	0	0	0
18501639-18501639_analysis_5	0	1	0	0	0	0	0	0	0
18501639-18501639_analysis_6	0	1	0	0	0	0	0	0	0
18501639-18501639_analysis_7	0	0	0	0	0	0	0	0	0
18501639-18501639_analysis_8	0	0	0	0	0	0	0	0	0
18501639-18501639_analysis_9	0	0	0	0	0	0	0	0	0
18514546-18514546_analysis_0	1	9	1	0	0	0	0	0	0
18514546-18514546_analysis_1	0	6	1	0	0	0	0	0	0
18514546-18514546_analysis_2	0	4	0	0	0	0	0	0	0
18514546-18514546_analysis_3	0	2	0	0	0	0	0	0	0
18514546-18514546_analysis_4	0	2	0	0	0	0	0	0	0
18514546-18514546_analysis_5	0	1	0	0	0	0	0	0	0
18537114-18537114_analysis_0	0	4	1	0	0	0	0	0	0
18537114-18537114_analysis_1	0	2	1	0	0	0	0	0	0
18537114-18537114_analysis_2	0	4	1	0	0	0	0	0	0
18573266-18573266_analysis_0	0	8	6	0	0	0	0	0	0
18587523-18587523_analysis_0	1	10	3	0	0	0	0	0	0
18587523-18587523_analysis_1	0	16	0	0	0	0	0	0	0
18587523-18587523_analysis_2	0	0	0	0	0	0	0	0	0
18587523-18587523_analysis_3	0	4	0	0	0	0	0	0	0
18603608-18603608_analysis_0	0	3	1	0	0	0	0	0	0
18603608-18603608_analysis_1	0	1	0	0	0	0	0	0	0
18633788-18633788_analysis_0	0	5	1	0	0	0	0	0	0
18633788-18633788_analysis_1	0	4	0	0	0	0	0	0	0
18633788-18633788_analysis_10	0	5	0	0	0	0	0	0	0
18633788-18633788_analysis_11	0	0	0	0	0	0	0	0	0
18633788-18633788_analysis_12	0	1	0	0	0	0	0	0	0
18633788-18633788_analysis_13	1	2	1	0	0	0	0	0	0
18633788-18633788_analysis_2	0	5	1	0	0	0	0	0	0
18633788-18633788_analysis_3	0	0	1	0	0	0	0	0	0
18633788-18633788_analysis_4	0	0	0	0	0	0	0	0	0
18633788-18633788_analysis_5	0	2	0	0	0	0	0	0	0
18633788-18633788_analysis_6	0	0	0	0	0	0	0	0	0
18633788-18633788_analysis_7	0	0	0	0	0	0	0	0	0
18633788-18633788_analysis_8	0	0	1	0	0	0	0	0	0
18633788-18633788_analysis_9	0	0	0	0	0	0	0	0	0
18633810-18633810_analysis_0	0	0	0	0	0	0	0	0	0
18633810-18633810_analysis_1	0	0	0	0	0	0	0	0	0
18633810-18633810_analysis_2	0	0	0	0	0	0	0	0	0
18633834-18633834_analysis_0	0	6	1	0	0	0	0	0	0
18633834-18633834_analysis_1	0	4	0	0	0	0	0	0	0
18633834-18633834_analysis_2	0	0	0	0	0	0	0	0	0
18633834-18633834_analysis_3	0	3	0	0	0	0	0	0	0
18633834-18633834_analysis_4	0	7	1	0	0	0	0	0	0
18633834-18633834_analysis_5	0	0	0	0	0	0	0	0	0
18633845-18633845_analysis_0	2	2	0	0	0	0	0	0	0
18633846-18633846_analysis_0	1	5	0	0	0	0	0	0	0
18633846-18633846_analysis_1	0	3	0	0	0	0	0	0	0
18633846-18633846_analysis_2	0	0	0	0	0	0	0	0	0
18633856-18633856_analysis_0	0	11	1	0	0	0	0	0	0
18633856-18633856_analysis_1	0	1	0	0	0	0	0	0	0
18778781-18778781_analysis_0	0	2	2	0	0	0	0	0	0
18778781-18778781_analysis_1	0	6	0	0	0	0	0	0	0
18778781-18778781_analysis_2	0	0	1	0	0	0	0	0	0
18778781-18778781_analysis_3	0	1	0	0	0	0	0	0	0
18778781-18778781_analysis_4	0	1	0	0	0	0	0	0	0
18778781-18778781_analysis_5	0	1	0	0	0	0	0	0	0
18778781-18778781_analysis_6	0	1	1	0	0	0	0	0	0
18781590-18781590_analysis_0	0	13	0	0	1	1	0	0	0
18781590-18781590_analysis_1	0	3	0	0	0	0	0	0	0
18781590-18781590_analysis_10	0	1	0	0	0	0	0	0	0
18781590-18781590_analysis_11	0	1	0	0	0	0	0	0	0
18781590-18781590_analysis_12	0	1	0	0	0	0	0	0	0
18781590-18781590_analysis_13	0	1	0	0	0	0	0	0	0
18781590-18781590_analysis_14	0	1	0	0	0	0	0	0	0
18781590-18781590_analysis_15	0	1	0	0	0	0	0	0	0
18781590-18781590_analysis_16	0	1	0	0	0	0	0	0	0
18781590-18781590_analysis_17	0	1	0	0	0	0	0	0	0
18781590-18781590_analysis_18	0	1	0	0	0	0	0	0	0
18781590-18781590_analysis_19	0	1	0	0	0	0	0	0	0
18781590-18781590_analysis_2	0	0	0	0	0	0	0	0	0
18781590-18781590_analysis_20	0	1	0	0	0	0	0	0	0
18781590-18781590_analysis_21	0	1	0	0	0	0	0	0	0
18781590-18781590_analysis_3	0	1	0	0	0	0	0	0	0
18781590-18781590_analysis_4	0	1	0	0	0	0	0	0	0
18781590-18781590_analysis_5	0	1	0	0	0	0	0	0	0
18781590-18781590_analysis_6	0	1	0	0	0	0	0	0	0
18781590-18781590_analysis_7	0	1	0	0	0	0	0	0	0
18781590-18781590_analysis_8	0	1	0	0	0	0	0	0	0
18781590-18781590_analysis_9	0	1	0	0	0	0	0	0	0
18783371-18783371_analysis_0	0	8	1	0	0	0	0	0	0
18809234-18809234_analysis_0	0	2	0	0	0	0	0	0	0
18809234-18809234_analysis_1	0	3	0	0	0	0	0	0	0
18809234-18809234_analysis_2	0	2	0	0	0	0	0	0	0
18809234-18809234_analysis_3	0	2	0	0	0	0	0	0	0
18809234-18809234_analysis_4	0	0	1	0	0	0	0	0	0
18809234-18809234_analysis_5	0	3	0	0	0	0	0	0	0
18809234-18809234_analysis_6	0	2	0	0	0	0	0	0	0
18809234-18809234_analysis_7	0	3	0	0	0	0	0	0	0
18809234-18809234_analysis_8	0	2	0	0	0	0	0	0	0
18958158-18958158_analysis_0	0	3	0	0	0	0	0	0	0
18958158-18958158_analysis_1	0	4	0	0	0	0	0	0	0
18958158-18958158_analysis_2	0	1	0	0	0	0	0	0	0
18958158-18958158_analysis_3	0	7	1	0	0	0	0	0	0
18958158-18958158_analysis_4	0	7	1	0	0	0	0	0	0
18958158-18958158_analysis_5	0	1	1	0	0	0	0	0	0
19048432-19048432_analysis_0	0	4	0	0	0	0	0	0	0
19048432-19048432_analysis_1	0	1	0	0	0	0	0	0	0
19048432-19048432_analysis_2	0	0	0	0	0	0	0	0	0
19048432-19048432_analysis_3	0	1	0	0	0	0	0	0	0
19048432-19048432_analysis_4	0	2	0	0	0	0	0	0	0
19048432-19048432_analysis_5	0	0	0	0	0	0	0	0	0
19048432-19048432_analysis_6	0	1	1	0	0	0	0	0	0
19107754-19107754_analysis_0	0	3	0	0	0	0	0	0	0
19107754-19107754_analysis_1	0	0	0	0	0	0	0	0	0
19107754-19107754_analysis_2	0	1	1	0	0	0	0	0	0
19107754-19107754_analysis_3	0	5	2	0	0	0	0	0	0
19107754-19107754_analysis_4	0	1	1	0	0	0	0	0	0
19107754-19107754_analysis_5	0	3	1	0	0	0	0	0	0
19184995-19184995_analysis_0	0	6	1	0	0	0	0	0	0
19184995-19184995_analysis_1	0	3	2	0	0	0	0	0	0
19186163-19186163_analysis_0	0	2	1	0	0	0	0	0	0
19186163-19186163_analysis_1	0	5	0	0	0	0	0	0	0
19186163-19186163_analysis_2	0	3	3	0	0	0	0	0	0
19186163-19186163_analysis_3	0	0	1	0	0	0	0	0	0
19186163-19186163_analysis_4	0	2	0	0	0	0	0	0	0
19186163-19186163_analysis_5	1	3	1	0	0	0	0	0	0
19186163-19186163_analysis_6	0	0	4	0	0	0	0	0	0
19186163-19186163_analysis_7	0	0	2	0	0	0	0	0	0
19186163-19186163_analysis_8	3	0	0	0	0	0	0	0	0
19186163-19186163_analysis_9	3	0	0	0	0	0	0	0	0
19347874-19347874_analysis_0	0	8	0	0	0	0	0	0	0
19347874-19347874_analysis_1	0	6	0	0	0	0	0	0	0
19347874-19347874_analysis_2	0	0	0	0	0	0	0	0	0
19347874-19347874_analysis_3	0	0	0	0	0	0	0	0	0
19347874-19347874_analysis_4	0	2	0	0	0	0	0	0	0
19398309-19398309_analysis_0	0	2	0	0	0	0	0	0	0
19398309-19398309_analysis_1	0	2	0	0	0	0	0	0	0
19398309-19398309_analysis_2	0	12	0	0	0	0	0	0	0
19398309-19398309_analysis_3	0	0	0	0	0	0	0	0	0
19409961-19409961_analysis_0	1	3	0	0	0	0	0	0	0
19428413-19428413_analysis_0	0	12	0	0	0	0	0	0	0
19428413-19428413_analysis_1	0	7	0	0	0	0	0	0	0
19428413-19428413_analysis_2	0	4	0	0	0	0	0	0	0
19428413-19428413_analysis_3	0	1	0	0	0	0	0	0	0
19428413-19428413_analysis_4	0	0	1	0	0	0	0	0	0
19428413-19428413_analysis_5	0	1	0	0	0	0	0	0	0
19428413-19428413_analysis_6	0	1	0	0	0	0	0	0	0
19428413-19428413_analysis_7	0	0	0	0	0	0	0	0	0
19439183-19439183_analysis_0	0	11	5	0	0	0	0	0	0
19439183-19439183_analysis_1	0	10	3	0	0	0	0	0	0
19439183-19439183_analysis_2	0	0	0	0	0	0	0	0	0
19439183-19439183_analysis_3	0	0	0	0	0	0	0	0	0
19439183-19439183_analysis_4	0	10	3	0	0	0	0	0	0
19439183-19439183_analysis_5	0	2	1	0	0	0	0	0	0
19439183-19439183_analysis_6	0	2	1	0	0	0	0	0	0
19439183-19439183_analysis_7	0	1	2	0	0	0	0	0	0
19439183-19439183_analysis_8	0	3	1	0	0	0	0	0	0
19559343-19559343_analysis_0	1	2	1	0	0	0	0	0	0
19559343-19559343_analysis_1	1	1	1	0	0	0	0	0	0
19559343-19559343_analysis_2	0	0	0	0	0	0	0	0	0
19562629-19562629_analysis_0	0	1	1	0	0	0	0	0	0
19562629-19562629_analysis_1	0	0	0	0	0	0	0	0	0
19562629-19562629_analysis_2	1	1	0	0	0	0	0	0	0
19594509-19594509_analysis_0	0	9	0	0	0	0	0	0	0
19594509-19594509_analysis_1	0	0	1	0	0	0	0	0	0
19594509-19594509_analysis_2	0	2	0	0	0	0	0	0	0
19620621-19620621_analysis_0	0	0	0	0	0	0	0	0	0
19620621-19620621_analysis_1	0	0	0	0	0	0	0	0	0
19620621-19620621_analysis_2	1	2	1	0	0	0	0	0	0
19620621-19620621_analysis_3	0	2	0	0	0	0	0	0	0
19620621-19620621_analysis_4	0	1	0	0	0	0	0	0	0
19620621-19620621_analysis_5	0	2	0	0	0	0	0	0	0
19630891-19630891_analysis_0	1	13	3	0	0	0	0	0	0
19630891-19630891_analysis_1	1	17	5	0	0	0	0	0	0
19630891-19630891_analysis_2	1	14	4	0	0	0	0	0	0
19630891-19630891_analysis_3	0	13	5	0	0	0	0	0	0
19630891-19630891_analysis_4	1	12	4	0	0	0	0	0	0
19630891-19630891_analysis_5	1	10	5	0	0	0	0	0	0
19630891-19630891_analysis_6	1	11	4	0	0	0	0	0	0
19630891-19630891_analysis_7	1	12	3	0	0	0	0	0	0
19632283-19632283_analysis_0	0	1	1	0	0	0	0	0	0
19632283-19632283_analysis_1	0	2	0	0	0	0	0	0	0
19632283-19632283_analysis_2	0	1	0	0	0	0	0	0	0
19632283-19632283_analysis_3	0	1	0	0	0	0	0	0	0
19632283-19632283_analysis_4	0	0	0	0	0	0	0	0	0
19632283-19632283_analysis_5	0	0	0	0	0	0	0	0	0
19632816-19632816_analysis_0	0	2	1	0	0	0	0	0	0
19632816-19632816_analysis_1	0	1	0	0	0	0	0	0	0
19733672-19733672_analysis_0	1	2	0	0	0	0	0	0	0
19733672-19733672_analysis_1	1	1	2	0	0	0	0	0	0
19733672-19733672_analysis_2	1	7	1	0	0	0	0	0	0
19733672-19733672_analysis_3	0	7	0	0	0	0	0	0	0
19733672-19733672_analysis_4	1	3	0	0	0	0	0	0	0
19733672-19733672_analysis_5	1	2	1	0	0	0	0	0	0
19747929-19747929_analysis_0	0	3	4	0	0	0	0	0	0
19747929-19747929_analysis_1	1	1	1	0	0	0	0	0	0
19747929-19747929_analysis_2	0	4	5	0	0	0	0	0	0
19747929-19747929_analysis_3	1	0	0	0	0	0	0	0	0
19826471-19826471_analysis_0	0	5	1	0	0	0	0	0	0
19826471-19826471_analysis_1	0	2	0	0	0	0	0	0	0
19826471-19826471_analysis_2	0	3	1	0	0	0	0	0	0
19826471-19826471_analysis_3	0	2	1	0	0	0	0	0	0
19826471-19826471_analysis_4	0	0	0	0	0	0	0	0	0
19826471-19826471_analysis_5	0	2	1	0	0	0	0	0	0
19826471-19826471_analysis_6	0	0	1	0	0	0	0	0	0
19912448-19912448_analysis_0	7	19	5	0	0	0	0	0	0
19937724-19937724_analysis_0	0	6	0	0	0	0	0	0	0
19944083-19944083_analysis_0	0	2	2	0	0	0	0	0	0
19944083-19944083_analysis_1	0	0	0	0	0	0	0	0	0
19944083-19944083_analysis_2	1	5	1	0	0	0	0	0	0
20045478-20045478_analysis_0	2	4	1	0	0	0	0	0	0
20045478-20045478_analysis_1	1	7	4	0	0	0	0	0	0
20045478-20045478_analysis_2	0	5	0	0	0	0	0	0	0
20045478-20045478_analysis_3	1	2	0	0	0	0	0	0	0
20056152-20056152_analysis_0	0	1	1	0	0	0	0	0	0
20056152-20056152_analysis_1	0	7	1	0	0	0	0	0	0
20096792-20096792_analysis_0	0	11	3	0	0	0	0	0	0
20096792-20096792_analysis_1	0	0	0	0	0	0	0	0	0
20096792-20096792_analysis_2	0	7	0	0	0	0	0	0	0
20096792-20096792_analysis_3	0	0	0	0	0	0	0	0	0
20119878-20119878_analysis_0	0	2	0	0	0	0	0	0	0
20119878-20119878_analysis_1	0	1	0	0	0	0	0	0	0
20119878-20119878_analysis_2	0	0	0	0	0	0	0	0	0
20119878-20119878_analysis_3	0	0	0	0	0	0	0	0	0
20188182-20188182_analysis_0	0	5	3	0	0	0	0	0	0
20188190-20188190_analysis_0	0	4	1	0	0	0	0	0	0
20188190-20188190_analysis_1	0	5	1	0	0	0	0	0	0
20188190-20188190_analysis_2	1	4	2	0	0	0	0	0	0
20188190-20188190_analysis_3	0	0	0	0	0	0	0	0	0
20188190-20188190_analysis_4	1	10	2	0	0	0	0	0	0
20188190-20188190_analysis_5	0	1	1	0	0	0	0	0	0
20188190-20188190_analysis_6	0	4	2	0	0	0	0	0	0
20226769-20226769_analysis_0	1	1	1	0	0	0	0	0	0
20226769-20226769_analysis_1	0	0	0	0	0	0	0	0	0
20231838-20231838_analysis_0	1	7	2	0	0	0	0	0	0
20231838-20231838_analysis_1	0	0	0	0	0	0	0	0	0
20231838-20231838_analysis_2	0	1	0	0	0	0	0	0	0
20231838-20231838_analysis_3	0	1	0	0	0	0	0	0	0
20520767-20520767_analysis_0	1	14	1	0	0	0	0	0	0
20520767-20520767_analysis_1	0	3	0	0	0	0	0	0	0
20520767-20520767_analysis_2	0	3	1	0	0	0	0	0	0
20520767-20520767_analysis_3	0	2	0	0	0	0	0	0	0
20520767-20520767_analysis_4	0	3	1	0	0	0	0	0	0
20520767-20520767_analysis_5	0	1	0	0	0	0	0	0	0
20520767-20520767_analysis_6	0	1	0	0	0	0	0	0	0
20560820-20560820_analysis_0	0	21	4	0	0	0	0	0	0
20560820-20560820_analysis_1	0	11	1	0	0	0	0	0	0
20560820-20560820_analysis_10	1	2	0	0	0	0	0	0	0
20560820-20560820_analysis_11	0	3	1	0	0	0	0	0	0
20560820-20560820_analysis_2	1	25	6	0	0	0	0	0	0
20560820-20560820_analysis_3	0	15	1	0	0	0	0	0	0
20560820-20560820_analysis_4	0	11	2	0	0	0	0	0	0
20560820-20560820_analysis_5	0	8	0	0	0	0	0	0	0
20560820-20560820_analysis_6	0	14	1	0	0	0	0	0	0
20560820-20560820_analysis_7	1	5	0	0	0	0	0	0	0
20560820-20560820_analysis_8	1	6	5	0	0	0	0	0	0
20560820-20560820_analysis_9	2	9	0	0	0	0	0	0	0
20570742-20570742_analysis_0	0	3	2	0	0	0	0	0	0
20570742-20570742_analysis_1	0	2	0	0	0	0	0	0	0
20570742-20570742_analysis_2	2	8	3	0	0	0	0	0	0
20570742-20570742_analysis_3	1	5	0	0	0	0	0	0	0
20600991-20600991_analysis_0	0	2	1	0	0	0	0	0	0
20600991-20600991_analysis_1	0	2	1	0	0	0	0	0	0
20600991-20600991_analysis_2	0	0	1	0	0	0	0	0	0
20600991-20600991_analysis_3	0	4	0	0	0	0	0	0	0
20600991-20600991_analysis_4	0	4	0	0	0	0	0	0	0
20600991-20600991_analysis_5	0	1	0	0	0	0	0	0	0
20600991-20600991_analysis_6	0	4	0	0	0	0	0	0	0
20600991-20600991_analysis_7	0	3	1	0	0	0	0	0	0
20644633-20644633_analysis_0	0	2	0	0	0	0	0	0	0
20644633-20644633_analysis_1	0	0	0	0	0	0	0	0	0
20644633-20644633_analysis_2	0	3	0	0	0	0	0	0	0
20644633-20644633_analysis_3	0	1	0	0	0	0	0	0	0
20644633-20644633_analysis_4	1	0	0	0	0	0	0	0	0
20644633-20644633_analysis_5	1	1	0	0	0	0	0	0	0
20656041-20656041_analysis_0	0	2	0	0	0	0	0	0	0
20656041-20656041_analysis_1	0	5	0	0	0	0	0	0	0
20656041-20656041_analysis_2	0	0	0	0	0	0	0	0	0
20656041-20656041_analysis_3	0	3	0	0	0	0	0	0	0
20656041-20656041_analysis_4	0	0	0	0	0	0	0	0	0
20656041-20656041_analysis_5	0	2	0	0	0	0	0	0	0
20656041-20656041_analysis_6	0	0	0	0	0	0	0	0	0
20656041-20656041_analysis_7	0	1	0	0	0	0	0	0	0
20797730-20797730_analysis_0	0	3	1	0	0	0	0	0	0
20797730-20797730_analysis_1	0	4	1	0	0	0	0	0	0
20797730-20797730_analysis_10	0	0	0	0	0	0	0	0	0
20797730-20797730_analysis_11	0	0	0	0	0	0	0	0	0
20797730-20797730_analysis_12	0	3	3	0	0	0	0	0	0
20797730-20797730_analysis_13	0	0	0	0	0	0	0	0	0
20797730-20797730_analysis_2	1	2	1	0	0	0	0	0	0
20797730-20797730_analysis_3	0	0	0	0	0	0	0	0	0
20797730-20797730_analysis_4	0	0	4	0	0	0	0	0	0
20797730-20797730_analysis_5	0	3	1	0	0	0	0	0	0
20797730-20797730_analysis_6	0	3	0	0	0	0	0	0	0
20797730-20797730_analysis_7	0	0	0	0	0	0	0	0	0
20797730-20797730_analysis_8	0	5	1	0	0	0	0	0	0
20797730-20797730_analysis_9	0	4	1	0	0	0	0	0	0
20923708-20923708_analysis_0	0	4	2	0	0	0	0	0	0
20923708-20923708_analysis_1	0	2	0	0	0	0	0	0	0
20977559-20977559_analysis_0	0	4	4	0	0	0	0	0	0
20977559-20977559_analysis_1	0	4	3	0	0	0	0	0	0
20978908-20978908_analysis_0	0	11	1	0	0	0	0	0	0
20978908-20978908_analysis_1	0	8	0	0	0	0	0	0	0
21172325-21172325_analysis_0	1	7	2	0	0	0	0	0	0
21206532-21206532_analysis_0	0	10	0	0	0	0	0	0	0
21249224-21249224_analysis_0	0	16	3	0	0	0	0	0	0
21320516-21320516_analysis_0	1	3	3	0	0	0	0	0	0
21320516-21320516_analysis_1	0	0	2	0	0	0	0	0	0
21350872-21350872_analysis_0	0	2	0	0	0	0	0	0	0
21350872-21350872_analysis_1	0	2	0	0	0	0	0	0	0
21350872-21350872_analysis_2	0	5	0	0	0	0	0	0	0
21350872-21350872_analysis_3	0	1	0	0	0	0	0	0	0
21350872-21350872_analysis_4	0	2	0	0	0	0	0	0	0
21350872-21350872_analysis_5	0	18	0	0	0	0	0	0	0
21350872-21350872_analysis_6	0	11	0	0	0	0	0	0	0
21356316-21356316_analysis_0	0	0	0	0	0	0	0	0	0
21356316-21356316_analysis_1	0	5	0	0	0	0	0	0	0
21356316-21356316_analysis_2	0	0	5	0	0	0	0	0	0
21356318-21356318_analysis_0	1	2	2	0	0	0	0	0	0
21375598-21375598_analysis_0	0	9	0	0	0	0	0	0	0
21375598-21375598_analysis_1	0	0	0	0	0	0	0	0	0
21375598-21375598_analysis_2	0	5	1	0	0	0	0	0	0
21375598-21375598_analysis_3	0	0	0	0	0	0	0	0	0
21375598-21375598_analysis_4	0	2	0	0	0	0	0	0	0
21375598-21375598_analysis_5	0	0	0	0	0	0	0	0	0
21375598-21375598_analysis_6	0	1	0	0	0	0	0	0	0
21484518-21484518_analysis_0	0	7	0	0	0	0	0	0	0
21531100-21531100_analysis_0	0	8	0	0	0	0	0	0	0
21531100-21531100_analysis_1	0	9	0	0	0	0	0	0	0
21531384-21531384_analysis_0	3	3	4	0	0	0	0	0	0
21569855-21569855_analysis_0	1	9	2	0	0	0	0	0	0
21586330-21586330_analysis_0	1	6	1	0	0	0	0	0	0
21586330-21586330_analysis_1	2	3	2	0	0	0	0	0	0
21586330-21586330_analysis_2	1	2	1	0	0	0	0	0	0
21586330-21586330_analysis_3	1	3	0	0	0	0	0	0	0
21600991-21600991_analysis_0	0	0	1	0	0	0	0	0	0
21600991-21600991_analysis_1	1	0	1	0	0	0	0	0	0
21625502-21625502_analysis_0	3	8	1	0	0	0	0	0	0
21625502-21625502_analysis_1	3	6	0	0	0	0	0	0	0
21664277-21664277_analysis_0	1	9	6	0	0	0	0	0	0
21664277-21664277_analysis_1	0	10	0	0	0	0	0	0	0
21703352-21703352_analysis_0	0	3	1	0	0	0	0	0	0
21703352-21703352_analysis_1	0	3	0	0	0	0	0	0	0
21703352-21703352_analysis_2	0	1	1	0	0	0	0	0	0
21763435-21763435_analysis_0	0	4	1	0	0	0	0	0	0
21763435-21763435_analysis_1	1	3	2	0	0	0	0	0	0
21763435-21763435_analysis_10	0	0	16	0	0	0	0	0	0
21763435-21763435_analysis_11	0	12	0	0	0	0	0	0	0
21763435-21763435_analysis_12	0	0	0	0	0	0	0	0	0
21763435-21763435_analysis_2	0	0	1	0	0	0	0	0	0
21763435-21763435_analysis_3	0	4	3	0	0	0	0	0	0
21763435-21763435_analysis_4	0	1	1	0	0	0	0	0	0
21763435-21763435_analysis_5	1	3	2	0	0	0	0	0	0
21763435-21763435_analysis_6	0	0	0	0	0	0	0	0	0
21763435-21763435_analysis_7	0	0	0	0	0	0	0	0	0
21763435-21763435_analysis_8	0	1	0	0	0	0	0	0	0
21763435-21763435_analysis_9	0	4	0	0	0	0	0	0	0
21782846-21782846_analysis_0	0	18	0	0	0	0	0	0	0
21831605-21831605_analysis_0	0	2	1	0	0	0	0	0	0
21831605-21831605_analysis_1	0	3	0	0	0	0	0	0	0
21872451-21872451_analysis_0	2	15	5	0	0	0	0	0	0
21872451-21872451_analysis_1	0	2	0	0	0	0	0	0	0
21872451-21872451_analysis_2	0	5	3	0	0	0	0	0	0
21881566-21881566_analysis_0	0	9	3	0	0	0	0	0	0
21881566-21881566_analysis_1	0	0	1	0	0	0	0	0	0
21881566-21881566_analysis_2	0	2	1	0	0	0	0	0	0
21881566-21881566_analysis_3	0	0	2	0	0	0	0	0	0
21881566-21881566_analysis_4	0	4	0	0	0	0	0	0	0
21955370-21955370_analysis_0	0	6	1	0	0	0	0	0	0
21955370-21955370_analysis_1	0	0	0	0	0	0	0	0	0
21955370-21955370_analysis_2	0	6	3	0	0	0	0	0	0
21955370-21955370_analysis_3	0	0	0	0	0	0	0	0	0
21955370-21955370_analysis_4	0	2	0	0	0	0	0	0	0
21955370-21955370_analysis_5	0	0	0	0	0	0	0	0	0
21981758-21981758_analysis_0	0	4	0	0	0	0	0	0	0
21981758-21981758_analysis_1	1	4	0	0	0	0	0	0	0
21981758-21981758_analysis_2	0	0	0	0	0	0	0	0	0
21981758-21981758_analysis_3	1	0	1	0	0	0	0	0	0
21981758-21981758_analysis_4	0	1	0	0	0	0	0	0	0
21981758-21981758_analysis_5	0	0	0	0	0	0	0	0	0
21981758-21981758_analysis_6	0	0	0	0	0	0	0	0	0
21981758-21981758_analysis_7	0	0	0	0	0	0	0	0	0
21981758-21981758_analysis_8	0	1	0	0	0	0	0	0	0
21998649-21998649_analysis_0	0	4	0	0	0	0	0	0	0
21998649-21998649_analysis_1	0	5	1	0	0	0	0	0	0
21998649-21998649_analysis_2	0	5	2	0	0	0	0	0	0
21998649-21998649_analysis_3	0	0	1	0	0	0	0	0	0
22003388-22003388_analysis_0	0	4	0	0	0	0	0	0	0
22003388-22003388_analysis_1	0	6	2	0	0	0	0	0	0
22003388-22003388_analysis_2	0	3	0	0	0	0	0	0	0
22003388-22003388_analysis_3	0	1	1	0	0	0	0	0	0
22019361-22019361_analysis_0	0	0	0	0	0	0	0	0	0
22019857-22019857_analysis_0	0	7	0	0	0	0	0	0	0
22019857-22019857_analysis_1	1	13	3	0	0	0	0	0	0
22019857-22019857_analysis_2	0	5	0	0	0	0	0	0	0
22019857-22019857_analysis_3	2	3	4	0	0	0	0	0	0
22019857-22019857_analysis_4	0	0	0	0	0	0	0	0	0
22019860-22019860_analysis_0	0	6	0	0	0	0	0	0	0
22019860-22019860_analysis_1	0	2	0	0	0	0	0	0	0
22062191-22062191_analysis_0	0	11	0	0	0	0	0	0	0
22120754-22120754_analysis_0	1	14	4	0	0	0	0	0	0
22120754-22120754_analysis_1	0	15	5	0	0	0	0	0	0
22120754-22120754_analysis_2	0	3	1	0	0	0	0	0	0
22154962-22154962_analysis_0	2	5	0	0	0	0	0	0	0
22154962-22154962_analysis_1	1	1	2	0	0	0	0	0	0
22154962-22154962_analysis_2	0	0	3	0	0	0	0	0	0
22154962-22154962_analysis_3	0	0	0	0	0	0	0	0	0
22154962-22154962_analysis_4	0	2	0	0	0	0	0	0	0
22154962-22154962_analysis_5	0	0	0	0	0	0	0	0	0
22174872-22174872_analysis_0	0	6	0	0	0	0	0	0	0
22174872-22174872_analysis_1	0	3	1	0	0	0	0	0	0
22174872-22174872_analysis_2	0	5	1	0	0	0	0	0	0
22306799-22306799_analysis_0	0	6	2	1	0	0	0	0	0
22306799-22306799_analysis_1	0	0	0	0	0	0	0	0	0
22353205-22353205_analysis_0	0	1	0	0	0	0	0	0	0
22353205-22353205_analysis_1	0	7	0	0	0	0	0	0	0
22371086-22371086_analysis_0	2	9	3	0	0	0	0	0	0
22371086-22371086_analysis_1	1	6	0	0	0	0	0	0	0
22371086-22371086_analysis_2	0	5	2	0	0	0	0	0	0
22371086-22371086_analysis_3	0	0	0	0	0	0	0	0	0
22371086-22371086_analysis_4	0	0	1	0	0	0	0	0	0
22371086-22371086_analysis_5	0	1	0	0	0	0	0	0	0
22439896-22439896_analysis_0	2	3	2	0	0	0	0	0	0
22439896-22439896_analysis_1	0	3	0	0	0	0	0	0	0
22439896-22439896_analysis_2	0	2	0	0	0	0	0	0	0
22439896-22439896_analysis_3	0	2	0	0	0	0	0	0	0
22505222-22505222_analysis_0	0	2	0	0	0	0	0	0	0
22505222-22505222_analysis_1	1	1	0	0	0	0	0	0	0
22505222-22505222_analysis_2	0	1	0	0	0	0	0	0	0
22505222-22505222_analysis_3	0	0	2	0	0	0	0	0	0
22505330-22505330_analysis_0	1	4	1	0	0	0	0	0	0
22505330-22505330_analysis_1	0	2	0	0	0	0	0	0	0
22505330-22505330_analysis_10	0	2	0	0	0	0	0	0	0
22505330-22505330_analysis_11	0	0	0	0	0	0	0	0	0
22505330-22505330_analysis_2	2	6	2	0	0	0	0	0	0
22505330-22505330_analysis_3	0	5	0	0	0	0	0	0	0
22505330-22505330_analysis_4	0	1	0	0	0	0	0	0	0
22505330-22505330_analysis_5	0	0	0	0	0	0	0	0	0
22505330-22505330_analysis_6	0	3	0	0	0	0	0	0	0
22505330-22505330_analysis_7	0	0	0	0	0	0	0	0	0
22505330-22505330_analysis_8	0	1	1	0	0	0	0	0	0
22505330-22505330_analysis_9	0	0	0	0	0	0	0	0	0
22563003-22563003_analysis_0	0	6	2	0	0	0	0	0	0
22590530-22590530_analysis_0	0	2	0	0	0	0	0	0	0
22590530-22590530_analysis_1	0	0	0	0	0	0	0	0	0
22590530-22590530_analysis_10	0	1	0	0	0	0	0	0	0
22590530-22590530_analysis_11	0	1	0	0	0	0	0	0	0
22590530-22590530_analysis_12	0	3	0	0	0	0	0	0	0
22590530-22590530_analysis_13	0	0	0	0	0	0	0	0	0
22590530-22590530_analysis_14	0	0	0	0	0	0	0	0	0
22590530-22590530_analysis_15	0	0	0	0	0	0	0	0	0
22590530-22590530_analysis_2	0	2	1	0	0	0	0	0	0
22590530-22590530_analysis_3	0	1	0	0	0	0	0	0	0
22590530-22590530_analysis_4	1	2	0	0	0	0	0	0	0
22590530-22590530_analysis_5	0	2	0	0	0	0	0	0	0
22590530-22590530_analysis_6	1	2	0	0	0	0	0	0	0
22590530-22590530_analysis_7	0	2	1	0	0	0	0	0	0
22590530-22590530_analysis_8	0	2	0	0	0	0	0	0	0
22590530-22590530_analysis_9	0	4	0	0	0	0	0	0	0
22647521-22647521_analysis_0	0	0	1	0	0	0	0	0	0
22678652-22678652_analysis_0	1	3	2	0	0	0	0	0	0
22678652-22678652_analysis_1	1	2	0	0	0	0	0	0	0
22695257-22695257_analysis_0	0	3	0	0	0	0	0	0	0
22695257-22695257_analysis_1	0	0	1	0	0	0	0	0	0
22726841-22726841_analysis_0	0	0	1	0	0	0	0	0	0
22726841-22726841_analysis_1	0	3	1	0	0	0	0	0	0
22726841-22726841_analysis_2	0	0	1	0	0	0	0	0	0
22726841-22726841_analysis_3	0	0	1	0	0	0	0	0	0
22726841-22726841_analysis_4	0	1	1	0	0	0	0	0	0
22766167-22766167_analysis_0	0	6	3	0	0	0	0	0	0
22768085-22768085_analysis_0	0	0	0	0	0	0	0	0	0
22768085-22768085_analysis_1	0	1	0	0	0	0	0	0	0
22768085-22768085_analysis_2	0	0	0	0	0	0	0	0	0
22768085-22768085_analysis_3	0	0	0	0	0	0	0	0	0
22791801-22791801_analysis_0	0	10	1	0	0	0	0	0	0
22828495-22828495_analysis_0	0	4	0	0	0	0	0	0	0
22832521-22832521_analysis_0	0	8	1	0	0	0	0	0	0
22840551-22840551_analysis_0	0	7	3	0	0	0	0	0	0
22840551-22840551_analysis_1	0	3	0	0	0	0	0	0	0
22840551-22840551_analysis_2	0	1	0	0	0	0	0	0	0
22840551-22840551_analysis_3	0	3	3	0	0	0	0	0	0
22840551-22840551_analysis_4	0	1	4	0	0	0	0	0	0
22840551-22840551_analysis_5	0	0	2	0	0	0	0	0	0
22840551-22840551_analysis_6	0	2	1	0	0	0	0	0	0
22841755-22841755_analysis_0	0	0	0	0	0	0	0	0	0
22841755-22841755_analysis_1	0	0	0	0	0	0	0	0	0
22889284-22889284_analysis_0	0	16	2	0	0	0	0	0	0
22889284-22889284_analysis_1	0	7	0	0	0	0	0	0	0
22889284-22889284_analysis_2	0	7	1	0	0	0	0	0	0
22905026-22905026_analysis_0	0	16	2	0	0	0	0	0	0
22905026-22905026_analysis_1	0	3	1	0	0	0	0	0	0
23017597-23017597_analysis_0	0	2	0	0	0	0	0	0	0
23017597-23017597_analysis_1	0	1	0	0	0	0	0	0	0
23019245-23019245_analysis_0	1	11	0	0	0	0	0	0	0
23019245-23019245_analysis_1	0	30	0	0	0	0	0	0	0
23019245-23019245_analysis_2	0	35	0	0	0	0	0	0	0
23019245-23019245_analysis_3	0	11	0	0	0	0	0	0	0
23052545-23052545_analysis_0	0	2	0	0	0	0	0	0	0
23052545-23052545_analysis_1	0	0	0	0	0	0	0	0	0
23052545-23052545_analysis_10	0	9	0	0	0	0	0	0	0
23052545-23052545_analysis_11	0	8	0	0	0	0	0	0	0
23052545-23052545_analysis_12	0	3	0	0	0	0	0	0	0
23052545-23052545_analysis_13	0	5	0	0	0	0	0	0	0
23052545-23052545_analysis_14	0	0	0	0	0	0	0	0	0
23052545-23052545_analysis_15	1	8	0	0	0	0	0	0	0
23052545-23052545_analysis_16	0	6	0	0	0	0	0	0	0
23052545-23052545_analysis_17	0	7	0	0	0	0	0	0	0
23052545-23052545_analysis_18	0	3	0	0	0	0	0	0	0
23052545-23052545_analysis_19	0	6	0	0	0	0	0	0	0
23052545-23052545_analysis_2	0	3	0	0	0	0	0	0	0
23052545-23052545_analysis_20	0	5	0	0	0	0	0	0	0
23052545-23052545_analysis_21	0	0	0	0	0	0	0	0	0
23052545-23052545_analysis_22	0	0	1	0	0	0	0	0	0
23052545-23052545_analysis_23	0	5	0	0	0	0	0	0	0
23052545-23052545_analysis_24	0	4	0	0	0	0	0	0	0
23052545-23052545_analysis_25	0	4	0	0	0	0	0	0	0
23052545-23052545_analysis_26	0	6	0	0	0	0	0	0	0
23052545-23052545_analysis_27	0	8	0	0	0	0	0	0	0
23052545-23052545_analysis_28	0	0	0	0	0	0	0	0	0
23052545-23052545_analysis_29	0	3	0	0	0	0	0	0	0
23052545-23052545_analysis_3	0	4	1	0	0	0	0	0	0
23052545-23052545_analysis_30	0	0	1	0	0	0	0	0	0
23052545-23052545_analysis_31	0	3	0	0	0	0	0	0	0
23052545-23052545_analysis_32	2	3	0	0	0	0	0	0	0
23052545-23052545_analysis_4	0	6	0	0	0	0	0	0	0
23052545-23052545_analysis_5	0	4	0	0	0	0	0	0	0
23052545-23052545_analysis_6	0	4	0	0	0	0	0	0	0
23052545-23052545_analysis_7	0	1	0	0	0	0	0	0	0
23052545-23052545_analysis_8	0	1	0	0	0	0	0	0	0
23052545-23052545_analysis_9	0	8	0	0	1	0	0	0	0
23063451-23063451_analysis_0	0	1	0	0	0	0	0	0	0
23063451-23063451_analysis_1	0	4	1	0	0	0	0	0	0
23063451-23063451_analysis_2	0	2	1	0	0	0	0	0	0
23063451-23063451_analysis_3	0	0	0	0	0	0	0	0	0
23063451-23063451_analysis_4	0	0	0	0	0	0	0	0	0
23063451-23063451_analysis_5	0	0	0	0	0	0	0	0	0
23063451-23063451_analysis_6	0	5	2	0	0	0	0	0	0
23065480-23065480_analysis_0	0	8	0	0	0	0	0	0	0
23110882-23110882_analysis_0	1	0	1	0	0	0	0	0	0
23110882-23110882_analysis_1	0	3	0	0	0	0	0	0	0
23110882-23110882_analysis_2	2	19	3	0	0	0	0	0	0
23110882-23110882_analysis_3	0	15	1	0	0	0	0	0	0
23125131-23125131_analysis_0	0	2	0	0	0	0	0	0	0
23125131-23125131_analysis_1	0	7	0	0	0	0	0	0	0
23125131-23125131_analysis_2	0	3	0	0	0	0	0	0	0
23125131-23125131_analysis_3	0	2	0	0	0	0	0	0	0
23155450-23155450_analysis_0	0	0	0	0	0	0	0	0	0
23155450-23155450_analysis_1	0	10	0	0	0	0	0	0	0
23221019-23221019_analysis_0	0	2	0	0	0	0	0	0	0
23221019-23221019_analysis_1	0	1	0	0	0	0	0	0	0
23221019-23221019_analysis_2	0	1	1	0	0	0	0	0	0
23221019-23221019_analysis_3	0	1	1	0	0	0	0	0	0
23221019-23221019_analysis_4	0	1	2	0	0	0	0	0	0
23251653-23251653_analysis_0	0	2	0	0	0	0	0	0	0
23251653-23251653_analysis_1	0	3	0	0	0	0	0	0	0
23267322-23267322_analysis_0	0	1	0	0	0	0	0	0	0
23267322-23267322_analysis_1	0	2	1	0	0	0	0	0	0
23267322-23267322_analysis_2	0	2	0	0	0	0	0	0	0
23267322-23267322_analysis_3	0	1	0	0	0	0	0	0	0
23267322-23267322_analysis_4	0	0	0	0	0	0	0	0	0
23267322-23267322_analysis_5	0	3	0	0	0	0	0	0	0
23298748-23298748_analysis_0	0	3	0	0	0	0	0	0	0
23298748-23298748_analysis_1	0	1	0	0	0	0	0	0	0
23298748-23298748_analysis_2	0	4	1	0	0	0	0	0	0
23324559-23324559_analysis_0	0	11	2	0	0	0	0	0	0
23342130-23342130_analysis_0	4	25	6	0	0	0	0	0	0
23342130-23342130_analysis_1	2	22	2	0	0	0	0	0	0
23342130-23342130_analysis_2	0	10	2	0	0	0	0	0	0
23342130-23342130_analysis_3	3	27	2	0	0	0	0	0	0
23342130-23342130_analysis_4	0	0	0	0	0	0	0	0	0
23342130-23342130_analysis_5	0	1	0	0	0	0	0	0	0
23342130-23342130_analysis_6	0	4	2	0	0	0	0	0	0
23378834-23378834_analysis_0	0	11	2	0	0	0	0	0	0
23378834-23378834_analysis_1	0	8	2	0	0	0	0	0	0
23378834-23378834_analysis_10	0	5	0	0	0	0	0	0	0
23378834-23378834_analysis_11	0	0	0	0	0	0	0	0	0
23378834-23378834_analysis_12	0	5	1	0	0	0	0	0	0
23378834-23378834_analysis_13	1	4	1	0	0	0	0	0	0
23378834-23378834_analysis_14	0	0	0	0	0	0	0	0	0
23378834-23378834_analysis_2	1	14	2	0	0	0	0	0	0
23378834-23378834_analysis_3	1	5	2	0	0	0	0	0	0
23378834-23378834_analysis_4	2	1	0	0	0	0	0	0	0
23378834-23378834_analysis_5	1	1	0	0	0	0	0	0	0
23378834-23378834_analysis_6	0	0	0	0	0	0	0	0	0
23378834-23378834_analysis_7	1	2	1	0	0	0	0	0	0
23378834-23378834_analysis_8	1	1	0	0	0	0	0	0	0
23378834-23378834_analysis_9	2	2	2	0	0	0	0	0	0
23416087-23416087_analysis_0	0	11	0	0	0	0	0	0	0
23510581-23510581_analysis_0	1	7	2	0	0	0	0	0	0
23510581-23510581_analysis_1	1	2	1	0	0	0	0	0	0
23510581-23510581_analysis_2	0	3	0	0	0	0	0	0	0
23510581-23510581_analysis_3	1	0	1	0	0	0	0	0	0
23548839-23548839_analysis_0	0	2	0	0	0	0	0	0	0
23548839-23548839_analysis_1	0	7	0	0	0	0	0	0	0
23548839-23548839_analysis_2	0	2	0	0	0	0	0	0	0
23599165-23599165_analysis_0	0	5	1	0	0	0	0	0	0
23599165-23599165_analysis_1	0	0	0	0	0	0	0	0	0
23599165-23599165_analysis_2	1	0	1	0	0	0	0	0	0
23599165-23599165_analysis_3	0	0	0	0	0	0	0	0	0
23599165-23599165_analysis_4	0	2	0	0	0	0	0	0	0
23599165-23599165_analysis_5	0	0	1	0	0	0	0	0	0
23599165-23599165_analysis_6	1	5	1	0	0	0	0	0	0
23599165-23599165_analysis_7	0	1	0	0	0	0	0	0	0
23639347-23639347_analysis_0	0	5	5	0	0	0	0	0	0
23639347-23639347_analysis_1	0	7	0	0	0	0	0	0	0
23642469-23642469_analysis_0	0	0	1	0	0	0	0	0	0
23667619-23667619_analysis_0	1	2	1	0	0	0	0	0	0
23667619-23667619_analysis_1	0	4	0	0	0	0	0	0	0
23667619-23667619_analysis_2	0	4	0	0	0	0	0	0	0
23667619-23667619_analysis_3	0	4	1	0	0	0	0	0	0
23684882-23684882_analysis_0	0	9	1	0	0	0	0	0	0
23684882-23684882_analysis_1	0	0	0	0	0	0	0	0	0
23722983-23722983_analysis_0	1	0	1	0	0	0	0	0	0
23722983-23722983_analysis_1	0	2	0	0	0	0	0	0	0
23722983-23722983_analysis_2	0	3	1	0	0	0	0	0	0
23740734-23740734_analysis_0	0	1	0	0	0	0	0	0	0
23740734-23740734_analysis_1	0	3	0	0	0	0	0	0	0
23740734-23740734_analysis_2	0	1	0	0	0	0	0	0	0
23740734-23740734_analysis_3	0	0	0	0	0	0	0	0	0
23746615-23746615_analysis_0	0	1	1	0	0	0	0	0	0
23813661-23813661_analysis_0	0	15	3	0	0	0	0	0	0
23813661-23813661_analysis_1	0	14	0	0	0	0	0	0	0
23813661-23813661_analysis_2	3	3	0	0	0	0	0	0	0
23813661-23813661_analysis_3	0	3	1	0	0	0	0	0	0
23813661-23813661_analysis_4	0	0	1	0	0	0	0	0	0
23850465-23850465_analysis_0	0	0	1	0	0	0	0	0	0
23850465-23850465_analysis_1	0	1	0	0	0	0	0	0	0
23850465-23850465_analysis_2	0	0	0	0	0	0	0	0	0
23850465-23850465_analysis_3	0	0	0	0	0	0	0	0	0
23850465-23850465_analysis_4	0	0	0	0	0	0	0	0	0
23850465-23850465_analysis_5	0	0	0	0	0	0	0	0	0
23850465-23850465_analysis_6	0	1	0	0	0	0	0	0	0
23895223-23895223_analysis_0	0	1	3	0	0	0	0	0	0
23922755-23922755_analysis_0	2	3	4	0	0	0	0	0	0
23922755-23922755_analysis_1	2	0	5	0	0	0	0	0	0
23948645-23948645_analysis_0	0	13	0	0	0	0	0	0	0
23948645-23948645_analysis_1	0	14	0	0	0	0	0	0	0
23948645-23948645_analysis_2	0	0	0	0	0	0	0	0	0
23948645-23948645_analysis_3	4	11	3	0	0	0	0	0	0
24040207-24040207_analysis_0	0	3	0	0	0	0	0	0	0
24040207-24040207_analysis_1	0	7	0	0	0	0	0	0	0
24055199-24055199_analysis_0	0	4	1	0	0	0	0	0	0
24067301-24067301_analysis_0	0	5	2	0	0	0	0	0	0
24067301-24067301_analysis_1	0	0	0	0	0	0	0	0	0
24067301-24067301_analysis_2	0	0	0	0	0	0	0	0	0
24067301-24067301_analysis_3	0	0	0	0	0	0	0	0	0
24067301-24067301_analysis_4	0	11	1	0	0	0	0	0	0
24067301-24067301_analysis_5	0	1	0	0	0	0	0	0	0
24067301-24067301_analysis_6	0	0	0	0	0	0	0	0	0
24067301-24067301_analysis_7	0	0	0	0	0	0	0	0	0
24076206-24076206_analysis_0	0	0	0	0	0	0	0	0	0
24191160-24191160_analysis_0	1	3	0	0	0	0	0	0	0
24191160-24191160_analysis_1	0	2	0	0	0	0	0	0	0
24243619-24243619_analysis_0	0	3	1	0	0	0	0	0	0
24243619-24243619_analysis_1	0	5	0	0	0	0	0	0	0
24243619-24243619_analysis_2	2	1	0	0	0	0	0	0	0
24294841-24294841_analysis_0	0	4	0	0	0	0	0	0	0
24294841-24294841_analysis_1	1	7	1	0	0	0	0	0	0
24294841-24294841_analysis_2	0	4	0	0	0	0	0	0	0
24294841-24294841_analysis_3	0	1	0	0	0	0	0	0	0
24294841-24294841_analysis_4	0	0	0	0	0	0	0	0	0
24294841-24294841_analysis_5	0	0	1	0	0	0	0	0	0
24294841-24294841_analysis_6	0	0	0	0	0	0	0	0	0
24294841-24294841_analysis_7	0	0	0	0	0	0	0	0	0
24294906-24294906_analysis_0	3	3	1	0	0	0	0	0	0
24294906-24294906_analysis_1	0	0	1	0	0	0	0	0	0
24324679-24324679_analysis_0	0	9	1	0	0	0	0	0	0
24324679-24324679_analysis_1	0	0	0	0	0	0	0	0	0
24324679-24324679_analysis_10	0	0	0	0	0	0	0	0	0
24324679-24324679_analysis_2	0	0	0	0	0	0	0	0	0
24324679-24324679_analysis_3	0	2	1	0	0	0	0	0	0
24324679-24324679_analysis_4	0	4	0	0	0	1	0	0	0
24324679-24324679_analysis_5	0	2	2	0	0	0	0	0	0
24324679-24324679_analysis_6	1	0	0	0	0	0	0	0	0
24324679-24324679_analysis_7	0	1	0	0	0	0	0	0	0
24324679-24324679_analysis_8	0	2	0	0	0	0	0	0	0
24324679-24324679_analysis_9	0	0	0	0	0	0	0	0	0
24361475-24361475_analysis_0	1	1	0	0	0	0	0	0	0
24375710-24375710_analysis_0	0	4	0	0	0	0	0	0	0
24412087-24412087_analysis_0	1	11	4	0	0	0	0	0	0
24412087-24412087_analysis_1	0	2	0	0	0	0	0	0	0
24412433-24412433_analysis_0	0	0	0	0	0	0	0	0	0
24412433-24412433_analysis_1	1	1	0	0	0	0	0	0	0
24412433-24412433_analysis_2	0	0	0	0	0	0	0	0	0
24412433-24412433_analysis_3	0	0	0	0	0	0	0	0	0
24412687-24412687_analysis_0	0	2	0	0	0	0	0	0	0
24412687-24412687_analysis_1	0	3	1	0	0	0	0	0	0
24412687-24412687_analysis_2	0	3	0	0	0	0	0	0	0
24414614-24414614_analysis_0	0	2	0	0	0	0	0	0	0
24414614-24414614_analysis_1	0	1	0	0	0	0	0	0	0
24414614-24414614_analysis_2	0	6	1	0	0	0	0	0	0
24414614-24414614_analysis_3	0	0	0	0	0	0	0	0	0
24414614-24414614_analysis_4	0	5	0	0	0	0	0	0	0
24414614-24414614_analysis_5	0	0	1	0	0	0	0	0	0
24414614-24414614_analysis_6	0	4	3	0	0	0	0	0	0
24434194-24434194_analysis_0	0	10	0	0	0	0	0	0	0
24462962-24462962_analysis_0	0	3	0	0	0	0	0	0	0
24464944-24464944_analysis_0	0	3	0	0	0	0	0	0	0
24464944-24464944_analysis_1	0	4	1	0	0	0	0	0	0
24464944-24464944_analysis_2	0	2	0	0	0	0	0	0	0
24464944-24464944_analysis_3	0	2	1	0	0	0	0	0	0
24464944-24464944_analysis_4	0	5	0	0	0	0	0	0	0
24464944-24464944_analysis_5	0	6	0	0	0	0	0	0	0
24535033-24535033_analysis_0	1	18	4	0	0	0	0	0	0
24535033-24535033_analysis_1	9	51	18	0	0	0	0	0	0
24535033-24535033_analysis_2	0	1	1	0	0	0	0	0	0
24535033-24535033_analysis_3	2	3	4	0	0	0	0	0	0
24535033-24535033_analysis_4	2	5	4	0	0	0	0	0	0
24567909-24567909_analysis_0	0	5	1	0	0	0	0	0	0
24567909-24567909_analysis_1	0	11	4	0	0	0	0	0	0
24571553-24571553_analysis_0	0	4	0	0	0	0	0	0	0
24571553-24571553_analysis_1	0	0	0	0	0	0	0	0	0
24571553-24571553_analysis_10	0	1	0	0	0	0	0	0	0
24571553-24571553_analysis_2	0	0	0	0	0	0	0	0	0
24571553-24571553_analysis_3	0	3	0	0	0	0	0	0	0
24571553-24571553_analysis_4	0	1	1	0	0	0	0	0	0
24571553-24571553_analysis_5	0	0	0	0	0	0	0	0	0
24571553-24571553_analysis_6	0	3	1	0	0	0	0	0	0
24571553-24571553_analysis_7	0	8	1	0	0	0	0	0	0
24571553-24571553_analysis_8	0	3	1	0	0	0	0	0	0
24571553-24571553_analysis_9	0	4	0	0	0	0	0	0	0
24582805-24582805_analysis_0	0	7	0	0	0	0	0	0	0
24582805-24582805_analysis_1	1	6	3	0	0	0	0	0	0
24582805-24582805_analysis_2	0	0	0	0	0	0	0	0	0
24582805-24582805_analysis_3	2	10	2	0	0	0	0	0	0
24582805-24582805_analysis_4	0	0	0	0	0	0	0	0	0
24582805-24582805_analysis_5	1	1	0	0	0	0	0	0	0
24582805-24582805_analysis_6	0	0	0	0	0	0	0	0	0
24583253-24583253_analysis_0	0	1	1	0	0	0	0	0	0
24583253-24583253_analysis_1	0	2	0	0	0	0	0	0	0
24583253-24583253_analysis_2	0	1	0	0	0	0	0	0	0
24583253-24583253_analysis_3	0	0	0	0	0	0	0	0	0
24583253-24583253_analysis_4	0	3	0	0	0	0	0	0	0
24617738-24617738_analysis_0	0	1	0	0	0	0	0	0	0
24695086-24695086_analysis_0	0	8	2	0	0	0	0	0	0
24714805-24714805_analysis_0	0	11	0	0	0	0	0	0	0
24726338-24726338_analysis_0	0	0	3	0	0	0	0	0	0
24726338-24726338_analysis_1	3	5	0	0	0	0	0	0	0
24726338-24726338_analysis_2	0	11	3	0	0	0	0	0	0
24726338-24726338_analysis_3	0	1	2	0	0	0	0	0	0
24726338-24726338_analysis_4	0	3	0	0	0	0	0	0	0
24726338-24726338_analysis_5	0	4	0	0	0	0	0	0	0
24731078-24731078_analysis_0	0	3	0	0	0	0	0	0	0
24731078-24731078_analysis_1	0	0	0	0	0	0	0	0	0
24731078-24731078_analysis_2	0	0	0	0	0	0	0	0	0
24731078-24731078_analysis_3	0	0	0	0	0	0	0	0	0
24731078-24731078_analysis_4	0	1	0	0	0	0	0	0	0
24731078-24731078_analysis_5	0	0	0	0	0	0	0	0	0
24734987-24734987_analysis_0	0	1	0	0	0	0	0	0	0
24734987-24734987_analysis_1	0	1	0	0	0	0	0	0	0
24734987-24734987_analysis_2	0	2	1	0	0	0	0	0	0
24759619-24759619_analysis_0	1	1	3	0	0	0	0	0	0
24759619-24759619_analysis_1	0	4	0	0	0	0	0	0	0
24760733-24760733_analysis_0	0	4	0	0	0	0	0	0	0
24772075-24772075_analysis_0	0	2	1	0	0	0	0	0	0
24772075-24772075_analysis_1	1	1	0	0	0	0	0	0	0
24772075-24772075_analysis_2	0	0	1	0	0	0	0	0	0
24772075-24772075_analysis_3	0	1	0	0	0	0	0	0	0
24772075-24772075_analysis_4	1	2	2	0	0	0	0	0	0
24772075-24772075_analysis_5	0	5	1	0	0	0	0	0	0
24772075-24772075_analysis_6	0	2	0	0	0	0	0	0	0
24789353-24789353_analysis_0	1	3	0	0	0	0	0	0	0
24789353-24789353_analysis_1	1	5	5	0	0	0	0	0	0
24789353-24789353_analysis_2	0	1	0	0	0	0	0	0	0
24793833-24793833_analysis_0	0	1	4	0	0	0	0	0	0
24795158-24795158_analysis_0	1	2	0	0	0	0	0	0	0
24795158-24795158_analysis_1	0	0	0	0	0	0	0	0	0
24795158-24795158_analysis_2	0	0	0	0	0	0	0	0	0
24795158-24795158_analysis_3	0	0	0	0	0	0	0	0	0
24795158-24795158_analysis_4	0	0	0	0	0	0	0	0	0
24795158-24795158_analysis_5	0	2	0	0	0	0	0	0	0
24795158-24795158_analysis_6	0	2	0	0	0	0	0	0	0
24795158-24795158_analysis_7	0	0	0	0	0	0	0	0	0
24814646-24814646_analysis_0	0	62	2	0	0	0	0	0	0
24814646-24814646_analysis_1	1	12	0	0	0	0	0	0	0
24814646-24814646_analysis_2	1	3	0	0	0	0	0	0	0
24814646-24814646_analysis_3	1	12	0	0	0	0	0	0	0
24814646-24814646_analysis_4	0	4	3	0	0	0	0	0	0
24824165-24824165_analysis_0	0	4	1	0	0	0	0	0	0
24824165-24824165_analysis_1	0	4	0	0	0	0	0	0	0
24825504-24825504_analysis_0	1	4	2	0	0	0	0	0	0
24825504-24825504_analysis_1	0	2	0	0	0	0	0	0	0
24825504-24825504_analysis_2	0	0	1	0	0	0	0	0	0
24825504-24825504_analysis_3	1	1	0	0	0	0	0	0	0
24834034-24834034_analysis_0	0	7	3	0	0	0	0	0	0
24842782-24842782_analysis_0	0	5	0	0	0	0	0	0	0
24842782-24842782_analysis_1	0	5	1	0	0	0	0	0	0
24842782-24842782_analysis_2	0	0	1	0	0	0	0	0	0
24844743-24844743_analysis_0	0	7	2	0	0	0	0	0	0
24844743-24844743_analysis_1	0	8	3	0	0	0	0	0	0
24844746-24844746_analysis_0	1	6	4	0	0	0	0	0	0
24844746-24844746_analysis_1	0	5	0	0	0	0	0	0	0
24844746-24844746_analysis_2	1	1	0	0	0	0	0	0	0
24844746-24844746_analysis_3	0	0	2	0	0	0	0	0	0
24844746-24844746_analysis_4	1	2	0	0	0	0	0	0	0
24844746-24844746_analysis_5	1	7	4	0	0	0	0	0	0
24844746-24844746_analysis_6	0	6	0	0	0	0	0	0	0
24880954-24880954_analysis_0	1	2	1	0	0	0	0	0	0
24880954-24880954_analysis_1	0	1	0	0	0	0	0	0	0
24882220-24882220_analysis_0	0	0	0	0	0	0	0	0	0
24882220-24882220_analysis_1	0	5	4	0	0	0	0	0	0
24882220-24882220_analysis_2	0	0	0	0	0	0	0	0	0
24882220-24882220_analysis_3	1	4	0	0	0	0	0	0	0
24888525-24888525_analysis_0	0	1	2	0	0	0	0	0	0
24888525-24888525_analysis_1	0	0	2	0	0	0	0	0	0
24927685-24927685_analysis_0	0	0	0	0	0	0	0	0	0
24927685-24927685_analysis_1	0	1	0	0	0	0	0	0	0
24927685-24927685_analysis_2	0	1	0	0	0	0	0	0	0
24927685-24927685_analysis_3	0	2	0	0	0	0	0	0	0
24927685-24927685_analysis_4	0	0	1	0	0	0	0	0	0
24927685-24927685_analysis_5	0	0	0	0	0	0	0	0	0
24927685-24927685_analysis_6	0	1	0	0	0	0	0	0	0
24927685-24927685_analysis_7	0	1	0	0	0	0	0	0	0
24927685-24927685_analysis_8	0	0	1	0	0	0	0	0	0
24928767-24928767_analysis_0	0	13	1	0	0	0	0	0	0
24929201-24929201_analysis_0	0	4	1	0	0	0	0	0	0
24929201-24929201_analysis_1	0	0	1	0	0	0	0	0	0
24929201-24929201_analysis_2	0	3	0	0	0	0	0	0	0
24936688-24936688_analysis_0	0	0	1	0	0	0	0	0	0
24936688-24936688_analysis_1	0	1	0	0	0	0	0	0	0
24936688-24936688_analysis_2	0	4	0	0	0	0	0	0	0
25118071-25118071_analysis_0	0	7	0	0	0	0	0	0	0
25220190-25220190_analysis_0	0	2	0	0	0	0	0	0	0
25253279-25253279_analysis_0	0	4	0	0	0	0	0	0	0
25278250-25278250_analysis_0	0	4	2	0	0	0	0	0	0
25279788-25279788_analysis_0	0	6	0	0	0	0	0	0	0
25279788-25279788_analysis_1	0	8	2	0	0	0	0	0	0
25279788-25279788_analysis_2	0	7	2	0	0	0	0	0	0
25281889-25281889_analysis_0	0	0	1	0	0	0	0	0	0
25281889-25281889_analysis_1	0	1	0	0	0	0	0	0	0
25281889-25281889_analysis_10	0	1	0	0	0	0	0	0	0
25281889-25281889_analysis_11	0	0	0	0	0	0	0	0	0
25281889-25281889_analysis_2	0	3	1	0	0	0	0	0	0
25281889-25281889_analysis_3	0	0	0	0	0	0	0	0	0
25281889-25281889_analysis_4	0	1	0	0	0	0	0	0	0
25281889-25281889_analysis_5	0	1	0	0	0	0	0	0	0
25281889-25281889_analysis_6	0	0	0	0	0	0	0	0	0
25281889-25281889_analysis_7	0	0	0	0	0	0	0	0	0
25281889-25281889_analysis_8	0	0	0	0	0	0	0	0	0
25281889-25281889_analysis_9	0	0	0	0	0	0	0	0	0
25315788-25315788_analysis_0	0	2	0	0	0	0	0	0	0
25315788-25315788_analysis_1	0	1	0	0	0	0	0	0	0
25315788-25315788_analysis_2	0	0	1	0	0	0	0	0	0
25370452-25370452_analysis_0	0	4	0	0	0	0	0	0	0
25370452-25370452_analysis_1	0	7	0	0	0	0	0	0	0
25479766-25479766_analysis_0	0	0	0	0	0	0	0	0	0
25479766-25479766_analysis_1	0	0	0	0	0	0	0	0	0
25479766-25479766_analysis_2	0	4	2	0	0	0	0	0	0
25534111-25534111_analysis_0	0	6	2	0	0	0	0	0	0
25534111-25534111_analysis_1	1	8	1	0	0	0	0	0	0
25534111-25534111_analysis_2	0	6	0	0	0	0	0	0	0
25534111-25534111_analysis_3	0	3	1	0	0	0	0	0	0
25640962-25640962_analysis_0	0	5	1	0	0	0	0	0	0
25640962-25640962_analysis_1	0	5	2	0	0	0	0	0	0
25640962-25640962_analysis_2	0	8	0	0	0	0	0	0	0
25640962-25640962_analysis_3	0	0	2	0	0	0	0	0	0
25640962-25640962_analysis_4	0	5	2	0	0	0	0	0	0
25671708-25671708_analysis_0	0	0	1	0	0	0	0	0	0
25671708-25671708_analysis_1	0	2	0	0	0	0	0	0	0
25685703-25685703_analysis_0	1	2	2	0	0	0	0	0	0
25697049-25697049_analysis_0	0	10	0	0	0	0	0	0	0
25697049-25697049_analysis_1	0	0	0	0	0	0	0	0	0
25697049-25697049_analysis_2	0	2	0	0	0	0	0	0	0
25697049-25697049_analysis_3	0	0	0	0	0	0	0	0	0
25697049-25697049_analysis_4	0	0	0	0	0	0	0	0	0
25697049-25697049_analysis_5	0	3	0	0	0	0	0	0	0
25697049-25697049_analysis_6	0	0	0	0	0	0	0	0	0
25703807-25703807_analysis_0	0	0	2	0	0	0	0	0	0
25716010-25716010_analysis_0	0	1	0	0	0	0	0	0	0
25716010-25716010_analysis_1	0	1	0	0	0	0	0	0	0
25716010-25716010_analysis_10	0	0	0	0	0	0	0	0	0
25716010-25716010_analysis_2	0	0	0	0	0	0	0	0	0
25716010-25716010_analysis_3	0	3	0	0	0	0	0	0	0
25716010-25716010_analysis_4	0	0	0	0	0	0	0	0	0
25716010-25716010_analysis_5	0	9	0	1	0	0	0	0	0
25716010-25716010_analysis_6	0	4	0	0	0	0	0	0	0
25716010-25716010_analysis_7	0	0	0	0	0	0	0	0	0
25716010-25716010_analysis_8	0	1	0	0	0	0	0	0	0
25716010-25716010_analysis_9	0	2	0	0	0	0	0	0	0
25729358-25729358_analysis_0	1	2	0	0	0	0	0	0	0
25729358-25729358_analysis_1	1	1	2	0	0	0	0	0	0
25729358-25729358_analysis_2	0	2	0	0	0	0	0	0	0
25729358-25729358_analysis_3	0	3	1	0	0	0	0	0	0
25729358-25729358_analysis_4	0	2	1	0	0	0	0	0	0
25729358-25729358_analysis_5	0	0	2	0	0	0	0	0	0
25758671-25758671_analysis_0	0	1	3	0	0	0	0	0	0
25759285-25759285_analysis_0	3	5	3	0	0	0	0	0	0
25820129-25820129_analysis_0	1	1	0	0	0	0	0	0	0
25820129-25820129_analysis_1	0	0	0	0	0	0	0	0	0
25820129-25820129_analysis_10	0	0	0	0	0	0	0	0	0
25820129-25820129_analysis_11	0	0	0	0	0	0	0	0	0
25820129-25820129_analysis_12	0	0	1	0	0	0	0	0	0
25820129-25820129_analysis_2	0	0	1	0	0	0	0	0	0
25820129-25820129_analysis_3	0	0	0	0	0	0	0	0	0
25820129-25820129_analysis_4	0	0	1	0	0	0	0	0	0
25820129-25820129_analysis_5	0	0	1	0	0	0	0	0	0
25820129-25820129_analysis_6	0	5	1	0	0	0	0	0	0
25820129-25820129_analysis_7	0	3	0	0	0	0	0	0	0
25820129-25820129_analysis_8	0	0	0	0	0	0	0	0	0
25820129-25820129_analysis_9	0	0	1	0	0	0	0	0	0
25823855-25823855_analysis_0	0	16	0	0	0	0	0	0	0
25823855-25823855_analysis_1	0	12	0	0	0	0	0	0	0
25823855-25823855_analysis_2	0	1	0	0	0	0	0	0	0
25823855-25823855_analysis_3	0	9	0	0	0	0	0	0	0
25847180-25847180_analysis_0	0	8	0	0	0	0	0	0	0
25862529-25862529_analysis_0	0	0	1	0	0	0	0	0	0
25862529-25862529_analysis_1	0	5	0	0	0	0	0	0	0
25862529-25862529_analysis_2	0	5	0	0	0	0	0	0	0
25882754-25882754_analysis_0	0	3	0	0	0	0	0	0	0
25882754-25882754_analysis_1	1	5	1	0	0	0	0	0	0
25885446-25885446_analysis_0	0	0	1	0	0	0	0	0	0
25885446-25885446_analysis_1	0	1	1	0	0	0	0	0	0
25885533-25885533_analysis_0	1	14	2	0	0	0	0	0	0
25885533-25885533_analysis_1	0	3	0	0	0	0	0	0	0
25911123-25911123_analysis_0	0	5	0	0	0	0	0	0	0
25911123-25911123_analysis_1	0	0	3	0	0	0	0	0	0
25929599-25929599_analysis_0	1	5	1	0	0	0	0	0	0
25929599-25929599_analysis_1	0	0	0	0	0	0	0	0	0
25929599-25929599_analysis_2	0	1	0	0	0	0	0	0	0
25929599-25929599_analysis_3	0	3	1	0	0	0	0	0	0
25929599-25929599_analysis_4	0	0	0	0	0	0	0	0	0
25946306-25946306_analysis_0	0	5	0	0	0	0	0	0	0
25946306-25946306_analysis_1	0	9	1	0	0	0	0	0	0
25946306-25946306_analysis_2	0	2	0	0	0	0	0	0	0
25946306-25946306_analysis_3	0	0	0	0	0	0	0	0	0
25963262-25963262_analysis_0	0	10	0	0	0	0	0	0	0
25963262-25963262_analysis_1	0	5	0	0	0	0	0	0	0
25963262-25963262_analysis_2	0	2	0	0	0	0	0	0	0
25963262-25963262_analysis_3	0	0	0	0	0	0	0	0	0
25963262-25963262_analysis_4	0	5	2	0	0	0	0	0	0
25963262-25963262_analysis_5	0	5	2	0	0	0	0	0	0
25996424-25996424_analysis_0	0	1	0	0	0	0	0	0	0
25996424-25996424_analysis_1	0	1	1	0	0	0	0	0	0
25996424-25996424_analysis_2	0	0	0	0	0	0	0	0	0
25996424-25996424_analysis_3	0	3	0	0	0	0	0	0	0
25996424-25996424_analysis_4	0	3	0	0	0	0	0	0	0
25996424-25996424_analysis_5	0	2	0	0	0	0	0	0	0
26000902-26000902_analysis_0	0	2	1	0	0	0	0	0	0
26000902-26000902_analysis_1	0	3	0	0	0	0	0	0	0
26040978-26040978_analysis_0	0	6	0	0	0	0	0	0	0
26040978-26040978_analysis_1	0	2	0	0	0	0	0	0	0
26040978-26040978_analysis_2	0	1	0	0	0	0	0	0	0
26048954-26048954_analysis_0	0	13	0	0	0	0	0	0	0
26143208-26143208_analysis_0	0	5	2	0	0	0	0	0	0
26143208-26143208_analysis_1	0	7	0	0	0	0	0	0	0
26188122-26188122_analysis_0	1	0	0	0	0	0	0	0	0
26188122-26188122_analysis_1	1	0	0	0	0	0	0	0	0
26189076-26189076_analysis_0	0	0	0	0	0	0	0	0	0
26189076-26189076_analysis_1	1	0	1	0	0	0	0	0	0
26189076-26189076_analysis_10	0	1	0	0	0	0	0	0	0
26189076-26189076_analysis_11	0	1	0	0	0	0	0	0	0
26189076-26189076_analysis_12	0	0	0	0	0	0	0	0	0
26189076-26189076_analysis_13	0	0	0	0	0	0	0	0	0
26189076-26189076_analysis_2	0	0	0	0	0	0	0	0	0
26189076-26189076_analysis_3	0	0	0	0	0	0	0	0	0
26189076-26189076_analysis_4	0	0	0	0	0	0	0	0	0
26189076-26189076_analysis_5	0	0	0	0	0	0	0	0	0
26189076-26189076_analysis_6	0	2	0	0	0	0	0	0	0
26189076-26189076_analysis_7	0	0	0	0	0	0	0	0	0
26189076-26189076_analysis_8	0	0	0	0	0	0	0	0	0
26189076-26189076_analysis_9	0	0	0	0	0	0	0	0	0
26197051-26197051_analysis_0	0	9	4	0	0	0	0	0	0
26197051-26197051_analysis_1	0	17	3	0	0	0	0	0	0
26235682-26235682_analysis_0	0	3	1	0	0	0	0	0	0
26235682-26235682_analysis_1	1	4	1	0	0	0	0	0	0
26235682-26235682_analysis_2	1	3	1	0	0	0	0	0	0
26235682-26235682_analysis_3	0	0	0	0	0	0	0	0	0
26235682-26235682_analysis_4	0	0	0	0	0	0	0	0	0
26254589-26254589_analysis_0	0	6	4	0	0	0	0	0	0
26254589-26254589_analysis_1	5	11	1	0	0	0	0	0	0
26254589-26254589_analysis_2	2	9	2	0	0	0	0	0	0
26254589-26254589_analysis_3	2	10	3	0	0	0	0	0	0
26254589-26254589_analysis_4	1	9	1	0	0	0	0	0	0
26254589-26254589_analysis_5	1	7	4	0	0	0	0	0	0
26262561-26262561_analysis_0	0	3	1	0	0	0	0	0	0
26301900-26301900_analysis_0	0	3	0	0	0	0	0	0	0
26301900-26301900_analysis_1	0	5	3	0	0	0	0	0	0
26323252-26323252_analysis_0	0	3	1	0	0	0	0	0	0
26323252-26323252_analysis_1	0	3	0	0	0	0	0	0	0
26323252-26323252_analysis_2	0	0	0	0	0	0	0	0	0
26323252-26323252_analysis_3	0	1	0	0	0	0	0	0	0
26323252-26323252_analysis_4	0	0	0	0	0	0	0	0	0
26365506-26365506_analysis_0	0	5	3	0	0	0	0	0	0
26365506-26365506_analysis_1	0	4	0	0	0	0	0	0	0
26411531-26411531_analysis_0	0	4	0	0	0	0	0	0	0
26411531-26411531_analysis_1	0	8	0	0	0	0	0	0	0
26411531-26411531_analysis_2	0	8	0	0	0	0	0	0	0
26411531-26411531_analysis_3	0	4	0	0	0	0	0	0	0
26411531-26411531_analysis_4	0	8	0	0	0	0	0	0	0
26416161-26416161_analysis_0	0	1	0	0	0	0	0	0	0
26416161-26416161_analysis_1	0	1	0	0	0	0	0	0	0
26416161-26416161_analysis_2	1	1	0	0	0	0	0	0	0
26417673-26417673_analysis_0	0	3	0	0	0	0	0	0	0
26417673-26417673_analysis_1	0	5	0	0	0	0	0	0	0
26417673-26417673_analysis_2	1	1	1	0	0	0	0	0	0
26481048-26481048_analysis_0	3	11	5	0	0	0	0	0	0
26481048-26481048_analysis_1	3	9	3	1	0	0	0	0	0
26481048-26481048_analysis_2	0	0	0	0	0	0	0	0	0
26481048-26481048_analysis_3	0	0	0	0	0	0	0	0	0
26505303-26505303_analysis_0	0	3	0	0	0	0	0	0	0
26505303-26505303_analysis_1	0	4	0	0	0	0	0	0	0
26505303-26505303_analysis_2	0	5	2	0	0	0	0	0	0
26505303-26505303_analysis_3	0	1	0	0	0	0	0	0	0
26514295-26514295_analysis_0	0	5	0	0	0	0	0	0	0
26514295-26514295_analysis_1	0	1	0	0	0	0	0	0	0
26514295-26514295_analysis_2	0	4	0	0	0	0	0	0	0
26514295-26514295_analysis_3	0	0	0	0	0	0	0	0	0
26514295-26514295_analysis_4	0	1	0	0	0	0	0	0	0
26514295-26514295_analysis_5	0	1	0	0	0	0	0	0	0
26514295-26514295_analysis_6	0	3	0	0	0	0	0	0	0
26514295-26514295_analysis_7	0	1	0	0	0	0	0	0	0
26514295-26514295_analysis_8	0	2	0	0	0	0	0	0	0
26541443-26541443_analysis_0	0	5	0	0	0	0	0	0	0
26541443-26541443_analysis_1	0	7	0	0	0	0	0	0	0
26567160-26567160_analysis_0	2	5	1	0	0	0	0	0	0
26567160-26567160_analysis_1	2	3	1	0	0	0	0	0	0
26567160-26567160_analysis_2	1	4	1	0	0	0	0	0	0
26567160-26567160_analysis_3	0	0	0	0	0	0	0	0	0
26567160-26567160_analysis_4	0	1	0	0	0	0	0	0	0
26567160-26567160_analysis_5	0	1	2	0	0	0	0	0	0
26567160-26567160_analysis_6	0	0	0	0	0	0	0	0	0
26644594-26644594_analysis_0	0	0	0	0	0	0	0	0	0
26644594-26644594_analysis_1	0	1	0	0	0	0	0	0	0
26644594-26644594_analysis_2	2	4	0	0	0	0	0	0	0
26644594-26644594_analysis_3	0	0	0	0	0	0	0	0	0
26644594-26644594_analysis_4	0	0	0	0	0	0	0	0	0
26644594-26644594_analysis_5	0	0	0	0	0	0	0	0	0
26713867-26713867_analysis_0	0	1	0	0	0	0	0	0	0
26746580-26746580_analysis_0	0	1	1	0	0	0	0	0	0
26776080-26776080_analysis_0	0	2	0	0	0	0	0	0	0
26776080-26776080_analysis_1	0	4	0	0	0	0	0	0	0
26803059-26803059_analysis_0	1	16	3	0	0	0	0	0	0
26803059-26803059_analysis_1	0	1	0	0	0	0	0	0	0
26803059-26803059_analysis_2	0	16	3	0	0	0	0	0	0
26803059-26803059_analysis_3	0	2	2	0	0	0	0	0	0
26803059-26803059_analysis_4	0	0	0	0	0	0	0	0	0
26803059-26803059_analysis_5	0	2	0	0	0	0	0	0	0
26803059-26803059_analysis_6	0	1	1	0	0	0	0	0	0
26803059-26803059_analysis_7	0	1	1	0	0	0	0	0	0
26803059-26803059_analysis_8	0	1	0	0	0	0	0	0	0
26803059-26803059_analysis_9	0	1	0	0	0	0	0	0	0
26812250-26812250_analysis_0	0	2	0	0	0	0	0	0	0
26812250-26812250_analysis_1	0	0	0	0	0	0	0	0	0
26812250-26812250_analysis_10	0	0	0	0	0	0	0	0	0
26812250-26812250_analysis_2	0	1	0	0	0	0	0	0	0
26812250-26812250_analysis_3	0	0	1	0	0	0	0	0	0
26812250-26812250_analysis_4	0	0	0	0	0	0	0	0	0
26812250-26812250_analysis_5	0	2	0	0	0	0	0	0	0
26812250-26812250_analysis_6	0	0	0	0	0	0	0	0	0
26812250-26812250_analysis_7	0	2	0	0	0	0	0	0	0
26812250-26812250_analysis_8	0	1	0	0	0	0	0	0	0
26812250-26812250_analysis_9	0	2	0	0	0	0	0	0	0
26817402-26817402_analysis_0	0	0	0	0	0	0	0	0	0
26817402-26817402_analysis_1	0	0	0	0	0	0	0	0	0
26817402-26817402_analysis_2	0	1	0	0	0	0	0	0	0
26892856-26892856_analysis_0	3	28	2	0	0	0	0	0	0
26892856-26892856_analysis_1	1	2	0	0	0	0	0	0	0
26892859-26892859_analysis_0	0	12	3	0	0	0	0	0	0
26892859-26892859_analysis_1	0	1	3	0	0	0	0	0	0
26892859-26892859_analysis_2	0	2	3	0	0	0	0	0	0
26904405-26904405_analysis_0	0	4	1	0	0	0	0	0	0
26904405-26904405_analysis_1	0	1	0	0	0	0	0	0	0
26908320-26908320_analysis_0	0	0	0	0	0	0	0	0	0
26908320-26908320_analysis_1	0	0	0	0	0	0	0	0	0
26908320-26908320_analysis_2	0	6	0	0	0	0	0	0	0
26908320-26908320_analysis_3	0	1	0	0	0	0	0	0	0
26908320-26908320_analysis_4	0	0	0	0	0	0	0	0	0
26908320-26908320_analysis_5	0	3	0	0	0	0	0	0	0
26940699-26940699_analysis_0	1	9	2	0	0	0	0	0	0
26942651-26942651_analysis_0	1	2	1	0	0	0	0	0	0
26991156-26991156_analysis_0	0	2	1	0	0	0	0	0	0
26991156-26991156_analysis_1	0	2	0	0	0	0	0	0	0
26991156-26991156_analysis_2	0	2	0	0	0	0	0	0	0
26991156-26991156_analysis_3	0	2	0	0	0	0	0	0	0
26991156-26991156_analysis_4	0	1	0	0	0	0	0	0	0
26991156-26991156_analysis_5	0	1	1	0	0	0	0	0	0
27039141-27039141_analysis_0	0	2	1	0	0	0	0	0	0
27039141-27039141_analysis_1	0	3	0	0	0	0	0	0	0
27039141-27039141_analysis_2	1	1	2	0	0	0	0	0	0
27039141-27039141_analysis_3	0	2	1	0	0	0	0	0	0
27090056-27090056_analysis_0	0	0	2	0	0	0	0	0	0
27090501-27090501_analysis_0	1	6	0	0	0	0	0	0	0
27091676-27091676_analysis_0	3	15	5	0	0	0	0	0	0
27095057-27095057_analysis_0	2	1	3	0	0	0	0	0	0
27095057-27095057_analysis_1	0	1	1	0	0	0	0	0	0
27095057-27095057_analysis_2	1	1	3	0	0	0	0	0	0
27095057-27095057_analysis_3	0	2	0	0	0	0	0	0	0
27096431-27096431_analysis_0	0	1	0	0	0	0	0	0	0
27096431-27096431_analysis_1	0	1	0	0	0	0	0	0	0
27096431-27096431_analysis_10	0	1	0	0	0	0	0	0	0
27096431-27096431_analysis_11	0	0	0	0	0	0	0	0	0
27096431-27096431_analysis_12	0	0	0	0	0	0	0	0	0
27096431-27096431_analysis_13	0	0	0	0	0	0	0	0	0
27096431-27096431_analysis_2	1	3	0	0	0	0	0	0	0
27096431-27096431_analysis_3	0	2	0	0	0	0	0	0	0
27096431-27096431_analysis_4	0	0	0	0	0	0	0	0	0
27096431-27096431_analysis_5	0	0	0	0	0	0	0	0	0
27096431-27096431_analysis_6	0	0	0	0	0	0	0	0	0
27096431-27096431_analysis_7	0	1	0	0	0	0	0	0	0
27096431-27096431_analysis_8	0	0	0	0	0	0	0	0	0
27096431-27096431_analysis_9	0	0	0	0	0	0	0	0	0
27107154-27107154_analysis_0	0	2	0	0	0	0	0	0	0
27107154-27107154_analysis_1	2	25	3	0	0	0	0	0	0
27107154-27107154_analysis_2	0	0	0	0	0	0	0	0	0
27107154-27107154_analysis_3	0	7	0	0	0	0	0	0	0
27177764-27177764_analysis_0	0	1	1	0	0	0	0	0	0
27177764-27177764_analysis_1	0	0	0	0	0	0	0	0	0
27236373-27236373_analysis_0	0	4	0	0	0	0	0	0	0
27236373-27236373_analysis_1	1	4	1	0	0	0	0	0	0
27236373-27236373_analysis_2	1	2	0	0	0	0	0	0	0
27236373-27236373_analysis_3	1	3	1	0	0	0	0	0	0
27236373-27236373_analysis_4	1	3	1	0	0	0	0	0	0
27236373-27236373_analysis_5	0	0	0	0	0	0	0	0	0
27236373-27236373_analysis_6	1	2	0	0	0	0	0	0	0
27236373-27236373_analysis_7	0	0	0	0	0	0	0	0	0
27250977-27250977_analysis_0	0	7	0	0	0	0	0	0	0
27250977-27250977_analysis_1	0	0	0	0	0	0	0	0	0
27313976-27313976_analysis_0	0	9	0	0	0	0	0	0	0
27375133-27375133_analysis_0	0	3	0	0	0	0	0	0	0
27375133-27375133_analysis_1	0	14	6	0	0	0	0	0	0
27375133-27375133_analysis_2	0	8	1	0	0	0	0	0	0
27375133-27375133_analysis_3	0	4	6	0	0	0	0	0	0
27375449-27375449_analysis_0	0	0	0	0	0	0	0	0	0
27375449-27375449_analysis_1	0	4	1	0	0	0	0	0	0
27375449-27375449_analysis_2	0	0	0	0	0	0	0	0	0
27375449-27375449_analysis_3	0	0	0	0	0	0	0	0	0
27375449-27375449_analysis_4	0	0	0	0	0	0	0	0	0
27375449-27375449_analysis_5	0	0	0	0	0	0	0	0	0
27375449-27375449_analysis_6	0	1	0	0	0	0	0	0	0
27424063-27424063_analysis_0	2	4	0	0	0	0	0	0	0
27424063-27424063_analysis_1	0	5	1	0	0	0	0	0	0
27424063-27424063_analysis_2	0	1	0	0	0	0	0	0	0
27424063-27424063_analysis_3	0	0	0	0	0	0	0	0	0
27431759-27431759_analysis_0	0	2	2	0	0	0	0	0	0
27431759-27431759_analysis_1	0	0	0	0	0	0	0	0	0
27431759-27431759_analysis_2	0	1	1	0	0	0	0	0	0
27431759-27431759_analysis_3	0	0	0	0	0	0	0	0	0
27431759-27431759_analysis_4	1	0	1	0	0	0	0	0	0
27431759-27431759_analysis_5	0	6	1	0	0	0	0	0	0
27458349-27458349_analysis_0	0	1	0	0	0	0	0	0	0
27458349-27458349_analysis_1	0	0	0	0	0	0	0	0	0
27458349-27458349_analysis_2	0	1	1	0	0	0	0	0	0
27458349-27458349_analysis_3	0	3	0	0	0	0	0	0	0
27477020-27477020_analysis_0	1	0	1	0	0	0	0	0	0
27477020-27477020_analysis_1	0	0	1	0	0	0	0	0	0
27494142-27494142_analysis_0	0	1	2	0	0	0	0	0	0
27494142-27494142_analysis_1	0	0	0	0	0	0	0	0	0
27494142-27494142_analysis_2	0	0	1	0	0	0	0	0	0
27494142-27494142_analysis_3	0	0	0	0	0	0	0	0	0
27494142-27494142_analysis_4	0	0	0	0	0	0	0	0	0
27494142-27494142_analysis_5	0	0	0	0	0	0	0	0	0
27531389-27531389_analysis_0	0	11	0	0	0	0	0	0	0
27531389-27531389_analysis_1	0	9	0	0	0	0	0	0	0
27531389-27531389_analysis_10	0	4	2	0	0	0	0	0	0
27531389-27531389_analysis_11	0	3	0	0	0	0	0	0	0
27531389-27531389_analysis_12	0	1	0	0	0	0	0	0	0
27531389-27531389_analysis_13	0	4	0	0	0	0	0	0	0
27531389-27531389_analysis_2	0	12	0	0	0	0	0	0	0
27531389-27531389_analysis_3	0	4	0	0	0	0	0	0	0
27531389-27531389_analysis_4	1	1	1	0	0	0	0	0	0
27531389-27531389_analysis_5	2	1	2	0	0	0	0	0	0
27531389-27531389_analysis_6	0	6	0	0	0	0	0	0	0
27531389-27531389_analysis_7	0	2	0	0	0	0	0	0	0
27531389-27531389_analysis_8	0	8	0	0	0	0	0	0	0
27531389-27531389_analysis_9	0	4	0	0	0	0	0	0	0
27538473-27538473_analysis_0	0	2	0	0	0	0	0	0	0
27538473-27538473_analysis_1	0	0	0	0	0	0	0	0	0
27568587-27568587_analysis_0	0	2	0	0	0	0	0	0	0
27613508-27613508_analysis_0	0	4	1	0	0	0	0	0	0
27613508-27613508_analysis_1	0	3	0	0	0	0	0	0	0
27622781-27622781_analysis_0	0	0	0	0	0	0	0	0	0
27622781-27622781_analysis_1	0	1	2	0	0	0	0	0	0
27622781-27622781_analysis_2	0	1	2	0	0	0	0	0	0
27622781-27622781_analysis_3	0	0	0	0	0	0	0	0	0
27622781-27622781_analysis_4	0	5	0	0	0	0	0	0	0
27622781-27622781_analysis_5	0	1	0	0	0	0	0	0	0
27796303-27796303_analysis_0	0	3	1	0	0	0	0	0	0
27796303-27796303_analysis_1	0	0	0	0	0	0	0	0	0
27796303-27796303_analysis_2	0	0	0	0	0	0	0	0	0
27796303-27796303_analysis_3	1	4	0	0	0	0	0	0	0
27796303-27796303_analysis_4	0	0	0	0	0	0	0	0	0
27796303-27796303_analysis_5	0	2	3	0	0	0	0	0	0
27796303-27796303_analysis_6	0	0	0	0	0	0	0	0	0
27796303-27796303_analysis_7	0	0	1	0	0	0	0	0	0
27796303-27796303_analysis_8	0	0	0	0	0	0	0	0	0
27859899-27859899_analysis_0	0	8	0	0	0	0	0	0	0
27859899-27859899_analysis_1	0	9	0	0	0	0	0	0	0
27889465-27889465_analysis_0	0	2	0	0	0	0	0	0	0
27889465-27889465_analysis_1	0	0	0	0	0	0	0	0	0
27894892-27894892_analysis_0	0	0	0	0	0	0	0	0	0
27898705-27898705_analysis_0	0	3	0	0	0	0	0	0	0
27898705-27898705_analysis_1	0	0	1	0	0	0	0	0	0
27913157-27913157_analysis_0	1	4	0	0	0	0	0	0	0
27913157-27913157_analysis_1	0	1	5	0	0	0	0	0	0
27913157-27913157_analysis_2	0	0	0	0	0	0	0	0	0
27913157-27913157_analysis_3	2	0	0	0	0	0	0	0	0
27913157-27913157_analysis_4	0	2	0	0	0	0	0	0	0
27913157-27913157_analysis_5	0	0	0	0	0	0	0	0	0
27978778-27978778_analysis_0	0	4	2	0	0	0	0	0	0
27978778-27978778_analysis_1	0	2	0	0	0	0	0	0	0
27978778-27978778_analysis_2	0	2	0	0	0	0	0	0	0
27978778-27978778_analysis_3	0	2	0	0	0	0	0	0	0
27979699-27979699_analysis_0	0	7	0	0	0	0	0	0	0
27989775-27989775_analysis_0	0	0	0	0	0	0	0	0	0
27989775-27989775_analysis_1	0	0	0	0	0	0	0	0	0
27989775-27989775_analysis_2	0	0	0	0	0	0	0	0	0
27989775-27989775_analysis_3	0	0	0	0	0	0	0	0	0
27989775-27989775_analysis_4	0	0	0	0	0	0	0	0	0
27989775-27989775_analysis_5	0	0	0	0	0	0	0	0	0
27989775-27989775_analysis_6	0	0	0	0	0	0	0	0	0
28088652-28088652_analysis_0	0	16	1	0	0	0	0	0	0
28088652-28088652_analysis_1	0	37	7	0	0	0	0	0	0
28088652-28088652_analysis_2	5	28	8	0	0	0	0	0	0
28088652-28088652_analysis_3	0	10	3	0	0	0	0	0	0
28093278-28093278_analysis_0	0	0	1	0	0	0	0	0	0
28093278-28093278_analysis_1	1	0	1	0	0	0	0	0	0
28093278-28093278_analysis_10	0	1	1	0	0	0	0	0	0
28093278-28093278_analysis_11	1	0	1	0	0	0	0	0	0
28093278-28093278_analysis_2	0	2	0	0	0	0	0	0	0
28093278-28093278_analysis_3	0	0	0	0	0	0	0	0	0
28093278-28093278_analysis_4	0	4	0	0	0	0	0	0	0
28093278-28093278_analysis_5	0	1	0	0	0	0	0	0	0
28093278-28093278_analysis_6	0	0	0	0	0	0	0	0	0
28093278-28093278_analysis_7	0	1	1	0	0	0	0	0	0
28093278-28093278_analysis_8	0	0	0	0	0	0	0	0	0
28093278-28093278_analysis_9	1	0	0	0	0	0	0	0	0
28108394-28108394_analysis_0	4	27	6	0	0	0	0	0	0
28180069-28180069_analysis_0	1	3	0	0	0	0	0	0	0
28199713-28199713_analysis_0	0	1	1	0	0	0	0	0	0
28199713-28199713_analysis_1	0	0	0	0	0	0	0	0	0
28199713-28199713_analysis_2	0	1	0	0	0	0	0	0	0
28199713-28199713_analysis_3	0	3	0	0	0	0	0	0	0
28199713-28199713_analysis_4	0	0	0	0	0	0	0	0	0
28199713-28199713_analysis_5	0	0	0	0	0	0	0	0	0
28215391-28215391_analysis_0	0	2	0	0	0	0	0	0	0
28215391-28215391_analysis_1	0	2	1	0	0	0	0	0	0
28215391-28215391_analysis_2	0	0	1	0	0	0	0	0	0
28237296-28237296_analysis_0	0	25	3	0	0	0	0	0	1
28237296-28237296_analysis_1	0	5	1	0	0	0	0	0	0
28254454-28254454_analysis_0	0	6	0	0	0	0	0	0	0
28254454-28254454_analysis_1	0	6	0	0	0	0	0	0	0
28254454-28254454_analysis_10	0	1	0	0	0	0	0	0	0
28254454-28254454_analysis_11	0	1	0	0	0	0	0	0	0
28254454-28254454_analysis_12	0	0	0	0	0	0	0	0	0
28254454-28254454_analysis_2	0	5	0	0	0	0	0	0	0
28254454-28254454_analysis_3	0	1	0	0	0	0	0	0	0
28254454-28254454_analysis_4	0	0	0	0	0	0	0	0	0
28254454-28254454_analysis_5	0	0	0	0	0	0	0	0	0
28254454-28254454_analysis_6	0	0	0	0	0	0	0	0	0
28254454-28254454_analysis_7	0	1	0	0	0	0	0	0	0
28254454-28254454_analysis_8	1	2	0	0	0	0	0	0	0
28254454-28254454_analysis_9	0	0	0	0	0	0	0	0	0
28263829-28263829_analysis_0	0	0	0	0	0	0	0	0	0
28263829-28263829_analysis_1	0	1	1	0	0	0	0	0	0
28284787-28284787_analysis_0	0	14	2	0	0	0	0	0	0
28284787-28284787_analysis_1	0	10	2	0	0	0	0	0	0
28284787-28284787_analysis_2	0	9	3	0	0	0	0	0	0
28284787-28284787_analysis_3	0	11	2	0	0	0	0	0	0
28284787-28284787_analysis_4	0	8	2	0	0	0	0	0	0
28284787-28284787_analysis_5	0	9	0	0	0	0	0	0	0
28284787-28284787_analysis_6	0	5	1	0	0	0	0	0	0
28291690-28291690_analysis_0	0	2	1	0	0	0	0	0	0
28291690-28291690_analysis_1	0	2	2	0	0	0	0	0	0
28291690-28291690_analysis_2	0	3	1	0	0	0	0	0	0
28291690-28291690_analysis_3	0	2	0	0	0	0	0	0	0
28291690-28291690_analysis_4	0	0	1	0	0	0	0	0	0
28291690-28291690_analysis_5	0	3	0	0	0	0	0	0	0
28384509-28384509_analysis_0	0	10	0	0	0	0	0	0	0
28477977-28477977_analysis_0	0	0	1	0	0	0	0	0	0
28477977-28477977_analysis_1	0	4	0	0	0	0	0	0	0
28477977-28477977_analysis_2	0	3	0	0	0	0	0	0	0
28477977-28477977_analysis_3	0	5	4	0	0	0	0	0	0
28477977-28477977_analysis_4	0	4	0	0	0	0	0	0	0
28477977-28477977_analysis_5	0	0	0	0	0	0	0	0	0
28477977-28477977_analysis_6	0	14	3	0	0	0	0	0	0
28477977-28477977_analysis_7	0	14	2	0	0	0	0	0	0
28504911-28504911_analysis_0	1	3	1	0	0	0	0	0	0
28504911-28504911_analysis_1	1	5	1	0	0	0	0	0	0
28504911-28504911_analysis_2	1	0	0	0	0	0	0	0	0
28504911-28504911_analysis_3	0	2	1	0	0	0	0	0	0
28504911-28504911_analysis_4	0	3	1	0	0	0	0	0	0
28551067-28551067_analysis_0	0	0	0	0	0	0	0	0	0
28551067-28551067_analysis_1	0	0	0	0	0	0	0	0	0
28551067-28551067_analysis_2	0	0	0	0	0	0	0	0	0
28551067-28551067_analysis_3	0	1	1	0	0	0	0	0	0
28551067-28551067_analysis_4	0	0	0	0	0	0	0	0	0
28551067-28551067_analysis_5	0	0	0	0	0	0	0	0	0
28575475-28575475_analysis_0	0	2	3	0	0	0	0	0	0
28575506-28575506_analysis_0	0	3	0	0	0	0	0	0	0
28575506-28575506_analysis_1	1	1	0	0	0	0	0	0	0
28575506-28575506_analysis_2	0	0	0	0	0	0	0	0	0
28575506-28575506_analysis_3	0	1	0	0	0	0	0	0	0
28575506-28575506_analysis_4	0	0	1	0	0	0	0	0	0
28583386-28583386_analysis_0	0	6	6	0	0	0	0	0	0
28583386-28583386_analysis_1	0	5	4	0	0	0	0	0	0
28583386-28583386_analysis_2	0	0	0	0	0	0	0	0	0
28592863-28592863_analysis_0	0	1	0	0	0	0	0	0	0
28592863-28592863_analysis_1	0	1	0	0	0	0	0	0	0
28592863-28592863_analysis_2	0	1	0	0	0	0	0	0	0
28592863-28592863_analysis_3	0	1	0	0	0	0	0	0	0
28619530-28619530_analysis_0	0	0	1	0	0	0	0	0	0
28619530-28619530_analysis_1	0	0	1	0	0	0	0	0	0
28619530-28619530_analysis_2	1	2	1	0	0	0	0	0	0
28619530-28619530_analysis_3	1	3	2	0	0	0	0	0	0
28619530-28619530_analysis_4	0	0	0	0	0	0	0	0	0
28619530-28619530_analysis_5	0	1	0	0	0	0	0	0	0
28627941-28627941_analysis_0	1	5	0	0	0	0	0	0	0
28627941-28627941_analysis_1	0	6	2	0	0	0	0	0	0
28627941-28627941_analysis_2	0	3	0	0	0	0	0	0	0
28661076-28661076_analysis_0	2	0	0	0	0	0	0	0	0
28669909-28669909_analysis_0	0	0	0	0	0	0	0	0	0
28669909-28669909_analysis_1	0	0	0	0	0	0	0	0	0
28669909-28669909_analysis_10	0	2	0	0	0	0	0	0	0
28669909-28669909_analysis_2	0	5	0	0	0	0	0	0	0
28669909-28669909_analysis_3	0	2	0	0	0	0	0	0	0
28669909-28669909_analysis_4	0	0	0	0	0	0	0	0	0
28669909-28669909_analysis_5	0	3	0	0	0	0	0	0	0
28669909-28669909_analysis_6	0	3	0	0	0	0	0	0	0
28669909-28669909_analysis_7	0	2	1	0	0	0	0	0	0
28669909-28669909_analysis_8	0	2	0	0	0	0	0	0	0
28669909-28669909_analysis_9	0	4	0	0	0	0	0	0	0
28735169-28735169_analysis_0	0	14	0	0	0	0	0	0	0
28735169-28735169_analysis_1	0	12	0	0	0	0	0	0	0
28735169-28735169_analysis_2	0	1	0	0	0	0	0	0	0
28735643-28735643_analysis_0	0	3	0	0	0	0	0	0	0
28762475-28762475_analysis_0	0	19	5	0	0	0	0	0	0
28779909-28779909_analysis_0	0	2	0	0	0	0	0	0	0
28793242-28793242_analysis_0	0	2	0	0	0	0	0	0	0
28793242-28793242_analysis_1	1	1	1	0	0	0	0	0	0
28793242-28793242_analysis_2	1	1	0	0	0	0	0	0	0
28793242-28793242_analysis_3	2	1	0	0	0	0	0	0	0
28844425-28844425_analysis_0	0	4	0	0	0	0	0	0	0
28855682-28855682_analysis_0	0	0	0	0	0	0	0	0	0
28855682-28855682_analysis_1	0	1	0	0	0	0	0	0	0
28855682-28855682_analysis_2	0	1	0	0	0	0	0	0	0
28865901-28865901_analysis_0	1	36	5	0	0	0	0	0	0
28905269-28905269_analysis_0	0	5	0	0	0	0	0	0	0
28905269-28905269_analysis_1	0	4	0	0	0	0	0	0	0
28914498-28914498_analysis_0	0	2	0	0	0	0	0	0	0
28927730-28927730_analysis_0	0	7	0	0	0	0	0	0	0
28931014-28931014_analysis_0	0	3	0	0	0	0	0	0	0
28939856-28939856_analysis_0	0	0	0	0	0	0	0	0	0
28939856-28939856_analysis_1	0	3	0	0	0	0	0	0	0
28939856-28939856_analysis_2	0	0	0	0	0	0	0	0	0
28939856-28939856_analysis_3	0	4	1	0	0	0	0	0	0
28939856-28939856_analysis_4	0	1	0	0	0	0	0	0	0
28939856-28939856_analysis_5	0	7	2	0	0	0	0	0	0
28939856-28939856_analysis_6	0	3	1	0	0	0	0	0	0
28939856-28939856_analysis_7	0	1	0	0	0	0	0	0	0
28939856-28939856_analysis_8	0	1	0	0	0	0	0	0	0
28947180-28947180_analysis_0	0	0	1	0	0	0	0	0	0
28947180-28947180_analysis_1	0	0	0	0	0	0	0	0	0
28947790-28947790_analysis_0	0	15	2	0	0	0	0	0	0
28947790-28947790_analysis_1	0	6	3	0	0	0	0	0	0
28947790-28947790_analysis_2	0	8	1	0	0	0	0	0	0
28947790-28947790_analysis_3	0	0	1	0	0	0	0	0	0
28947790-28947790_analysis_4	0	11	0	0	0	0	0	0	0
28947790-28947790_analysis_5	0	1	0	0	0	0	0	0	0
28976039-28976039_analysis_0	0	0	2	0	0	0	0	0	0
28976039-28976039_analysis_1	0	0	0	0	0	0	0	0	0
28981837-28981837_analysis_0	1	7	3	0	0	0	0	0	0
29039129-29039129_analysis_0	0	2	0	0	0	0	0	0	0
29039129-29039129_analysis_1	0	0	0	0	0	0	0	0	0
29057532-29057532_analysis_0	0	2	2	0	0	0	0	0	0
29058352-29058352_analysis_0	0	0	1	0	0	0	0	0	0
29058352-29058352_analysis_1	1	3	0	0	0	0	0	0	0
29058352-29058352_analysis_2	0	4	0	0	0	0	0	0	0
29074403-29074403_analysis_0	0	3	0	0	0	0	0	0	0
29079809-29079809_analysis_0	0	3	2	0	0	0	0	0	0
29079809-29079809_analysis_1	0	6	1	0	0	0	0	0	0
29079809-29079809_analysis_2	0	6	1	0	0	0	0	0	0
29097704-29097704_analysis_0	0	0	0	0	0	0	0	0	0
29097704-29097704_analysis_1	0	1	0	0	0	0	0	0	0
29097704-29097704_analysis_10	0	0	0	0	0	0	0	0	0
29097704-29097704_analysis_11	0	2	0	0	0	0	0	0	0
29097704-29097704_analysis_12	0	1	0	0	0	0	0	0	0
29097704-29097704_analysis_13	0	0	0	0	0	0	0	0	0
29097704-29097704_analysis_2	0	3	2	0	0	0	0	0	0
29097704-29097704_analysis_3	0	3	1	0	0	0	0	0	0
29097704-29097704_analysis_4	0	2	0	0	0	0	0	0	0
29097704-29097704_analysis_5	0	0	0	0	0	0	0	0	0
29097704-29097704_analysis_6	0	0	0	0	0	0	0	0	0
29097704-29097704_analysis_7	0	0	0	0	0	0	0	0	0
29097704-29097704_analysis_8	0	2	0	0	0	0	0	0	0
29097704-29097704_analysis_9	0	0	1	0	0	0	0	0	0
29105572-29105572_analysis_0	0	1	0	0	0	0	0	0	0
29146299-29146299_analysis_0	0	6	3	0	0	0	0	0	0
29164726-29164726_analysis_0	0	4	0	0	0	0	0	0	0
29174437-29174437_analysis_0	0	21	5	0	0	0	0	0	0
29221830-29221830_analysis_0	2	4	3	0	0	0	0	0	0
29221830-29221830_analysis_1	0	2	0	0	0	0	0	0	0
29221830-29221830_analysis_2	0	2	2	0	0	0	0	0	0
29221830-29221830_analysis_3	0	10	2	0	0	0	0	0	0
29221830-29221830_analysis_4	0	7	0	0	0	0	0	0	0
29221830-29221830_analysis_5	0	15	2	0	0	0	0	0	0
29250867-29250867_analysis_0	0	0	0	0	0	0	0	0	0
29250867-29250867_analysis_1	0	1	0	0	0	0	0	0	0
29250867-29250867_analysis_10	0	0	0	0	0	0	0	0	0
29250867-29250867_analysis_2	0	2	0	0	0	0	0	0	0
29250867-29250867_analysis_3	0	0	1	0	0	0	0	0	0
29250867-29250867_analysis_4	0	3	0	0	0	0	0	0	0
29250867-29250867_analysis_5	0	0	0	0	0	0	0	0	0
29250867-29250867_analysis_6	1	0	0	0	0	0	0	0	0
29250867-29250867_analysis_7	0	0	0	0	0	0	0	0	0
29250867-29250867_analysis_8	0	2	1	0	0	0	0	0	0
29250867-29250867_analysis_9	0	0	0	0	0	0	0	0	0
29265483-29265483_analysis_0	0	14	3	0	0	0	0	0	0
29265483-29265483_analysis_1	0	8	0	0	0	0	0	0	0
29265483-29265483_analysis_2	3	0	4	0	0	0	0	0	0
29265483-29265483_analysis_3	0	2	1	0	0	0	0	0	0
29324862-29324862_analysis_0	0	6	2	0	0	0	0	0	0
29324862-29324862_analysis_1	0	1	1	0	0	0	0	0	0
29324862-29324862_analysis_2	0	8	1	0	0	0	0	0	0
29324862-29324862_analysis_3	0	3	1	0	0	0	0	0	0
29324862-29324862_analysis_4	0	2	1	0	0	0	0	0	0
29324862-29324862_analysis_5	0	0	0	0	0	0	0	0	0
29324862-29324862_analysis_6	0	1	0	0	0	0	0	0	0
29330483-29330483_analysis_0	0	3	0	0	0	0	0	0	0
29330483-29330483_analysis_1	0	0	0	0	0	0	0	0	0
29330483-29330483_analysis_10	0	6	0	0	0	0	0	0	0
29330483-29330483_analysis_11	0	0	0	0	0	0	0	0	0
29330483-29330483_analysis_2	0	8	0	0	0	0	0	0	0
29330483-29330483_analysis_3	1	4	0	0	0	0	0	0	0
29330483-29330483_analysis_4	0	6	0	0	0	0	0	0	0
29330483-29330483_analysis_5	0	0	0	0	0	0	0	0	0
29330483-29330483_analysis_6	0	4	0	0	0	0	0	0	0
29330483-29330483_analysis_7	0	0	0	0	1	0	0	0	0
29330483-29330483_analysis_8	0	2	0	0	0	0	0	0	0
29330483-29330483_analysis_9	0	1	0	1	0	0	0	0	0
29366950-29366950_analysis_0	0	5	2	0	0	0	0	0	0
29388854-29388854_analysis_0	0	10	1	0	0	0	0	0	0
29396415-29396415_analysis_0	0	12	0	0	0	0	0	0	0
29396415-29396415_analysis_1	0	14	0	0	0	0	0	0	0
29396415-29396415_analysis_2	0	2	0	0	0	0	0	0	0
29432769-29432769_analysis_0	0	0	1	0	0	0	0	0	0
29432769-29432769_analysis_1	1	0	1	0	0	0	0	0	0
29432769-29432769_analysis_10	0	0	0	0	0	0	0	0	0
29432769-29432769_analysis_2	0	0	0	0	0	0	0	0	0
29432769-29432769_analysis_3	0	2	0	0	0	0	0	0	0
29432769-29432769_analysis_4	0	1	0	0	0	0	0	0	0
29432769-29432769_analysis_5	0	0	0	0	0	0	0	0	0
29432769-29432769_analysis_6	0	0	0	0	0	0	0	0	0
29432769-29432769_analysis_7	0	0	0	0	0	0	0	0	0
29432769-29432769_analysis_8	0	0	0	0	0	0	0	0	0
29432769-29432769_analysis_9	0	0	0	0	0	0	0	0	0
29518712-29518712_analysis_0	2	19	2	0	0	0	0	0	0
29518712-29518712_analysis_1	0	5	1	0	0	0	0	0	0
29554540-29554540_analysis_0	0	4	1	0	0	0	0	0	0
29582502-29582502_analysis_0	0	10	2	0	0	0	0	0	0
29582502-29582502_analysis_1	0	0	0	0	0	0	0	0	0
29582502-29582502_analysis_2	0	0	0	0	0	0	0	0	0
29582502-29582502_analysis_3	0	0	0	0	0	0	0	0	0
29582502-29582502_analysis_4	0	0	0	0	0	0	0	0	0
29582502-29582502_analysis_5	0	0	0	0	0	0	0	0	0
29587625-29587625_analysis_0	0	0	0	0	0	0	0	0	0
29587625-29587625_analysis_1	0	0	0	0	0	0	0	0	0
29587625-29587625_analysis_2	0	0	0	0	0	0	0	0	0
29587625-29587625_analysis_3	0	0	0	0	0	0	0	0	0
29587625-29587625_analysis_4	0	0	0	0	0	0	0	0	0
29601981-29601981_analysis_0	0	0	0	0	0	0	0	0	0
29601981-29601981_analysis_1	0	0	1	0	0	0	0	0	0
29601981-29601981_analysis_2	0	0	0	0	0	0	0	0	0
29601981-29601981_analysis_3	0	2	1	0	0	0	0	0	0
29601981-29601981_analysis_4	0	2	0	0	0	0	0	0	0
29628271-29628271_analysis_0	0	2	0	0	0	0	0	0	0
29628271-29628271_analysis_1	0	4	0	0	0	0	0	0	0
29723244-29723244_analysis_0	1	8	2	0	0	0	0	0	0
29740753-29740753_analysis_0	0	9	0	0	0	0	0	0	0
29740753-29740753_analysis_1	0	13	0	0	0	0	0	0	0
29740753-29740753_analysis_2	0	23	0	0	0	0	0	0	0
29777673-29777673_analysis_0	0	0	0	0	0	0	0	0	0
29777673-29777673_analysis_1	0	0	1	0	0	0	0	0	0
29777673-29777673_analysis_2	0	0	1	0	0	0	0	0	0
29777673-29777673_analysis_3	0	0	0	0	0	0	0	0	0
29777673-29777673_analysis_4	0	1	0	0	0	0	0	0	0
29777673-29777673_analysis_5	0	4	0	0	0	0	0	0	0
29777673-29777673_analysis_6	1	3	0	0	0	0	0	0	0
29806978-29806978_analysis_0	0	3	1	0	0	0	0	0	0
29813018-29813018_analysis_0	0	1	1	0	0	0	0	0	0
29813018-29813018_analysis_1	1	1	2	0	0	0	0	0	0
29813018-29813018_analysis_10	0	1	0	0	0	0	0	0	0
29813018-29813018_analysis_11	0	0	0	0	0	0	0	0	0
29813018-29813018_analysis_12	0	0	1	0	0	0	0	0	0
29813018-29813018_analysis_13	0	1	0	0	0	0	0	1	0
29813018-29813018_analysis_14	1	0	0	0	0	0	0	0	0
29813018-29813018_analysis_15	0	0	0	0	0	0	0	0	0
29813018-29813018_analysis_16	0	0	0	0	0	0	0	0	0
29813018-29813018_analysis_17	0	1	0	0	0	0	0	0	0
29813018-29813018_analysis_18	0	0	0	0	0	0	0	0	0
29813018-29813018_analysis_19	0	0	0	0	0	0	0	0	0
29813018-29813018_analysis_2	0	1	1	0	0	0	0	0	0
29813018-29813018_analysis_20	0	0	0	0	0	0	0	0	0
29813018-29813018_analysis_21	0	3	1	0	0	0	0	0	0
29813018-29813018_analysis_22	0	1	0	0	0	0	0	0	0
29813018-29813018_analysis_3	0	3	2	0	0	0	0	0	0
29813018-29813018_analysis_4	0	3	0	0	0	0	0	0	0
29813018-29813018_analysis_5	0	1	0	0	0	0	0	0	0
29813018-29813018_analysis_6	0	0	0	0	0	0	0	0	0
29813018-29813018_analysis_7	0	2	0	0	0	0	0	0	0
29813018-29813018_analysis_8	0	0	0	0	0	0	0	0	0
29813018-29813018_analysis_9	0	0	0	0	0	0	0	0	0
29845005-29845005_analysis_0	6	22	3	0	0	0	0	0	0
29845005-29845005_analysis_1	2	0	1	0	0	0	0	0	0
29885085-29885085_analysis_0	0	6	0	0	0	0	0	0	0
29885085-29885085_analysis_1	0	3	0	0	0	0	0	0	0
29890323-29890323_analysis_0	0	12	1	0	0	0	0	0	0
29890323-29890323_analysis_1	1	0	0	0	0	0	0	0	0
29890323-29890323_analysis_2	0	6	0	0	0	0	0	0	0
29890323-29890323_analysis_3	0	1	2	0	0	0	0	0	0
29890323-29890323_analysis_4	0	16	1	0	0	0	0	0	0
29890323-29890323_analysis_5	2	3	0	0	0	0	0	0	0
29891257-29891257_analysis_0	0	4	11	0	0	0	0	0	0
29891257-29891257_analysis_1	0	4	4	0	0	0	0	0	0
29891257-29891257_analysis_2	0	2	2	0	0	0	0	0	0
29915004-29915004_analysis_0	0	0	0	0	0	0	0	0	0
29915004-29915004_analysis_1	0	10	0	0	0	0	0	0	0
29915004-29915004_analysis_2	1	7	2	0	0	0	0	0	0
29915004-29915004_analysis_3	0	4	1	0	0	0	0	0	0
29915004-29915004_analysis_4	2	0	1	0	0	0	0	0	0
29915004-29915004_analysis_5	0	8	0	0	0	0	0	0	0
29915004-29915004_analysis_6	0	4	3	0	0	0	0	0	0
29915004-29915004_analysis_7	1	1	0	0	0	0	0	0	0
29925465-29925465_analysis_0	1	4	0	0	0	0	0	0	0
29925465-29925465_analysis_1	0	1	0	0	0	0	0	0	0
29925465-29925465_analysis_10	0	0	0	0	0	0	0	0	0
29925465-29925465_analysis_2	1	4	0	0	0	0	0	0	0
29925465-29925465_analysis_3	0	0	0	0	0	0	0	0	0
29925465-29925465_analysis_4	0	0	0	0	0	0	0	0	0
29925465-29925465_analysis_5	1	2	0	0	0	0	0	0	0
29925465-29925465_analysis_6	0	1	0	0	0	0	0	0	0
29925465-29925465_analysis_7	0	1	0	0	0	0	0	0	0
29925465-29925465_analysis_8	0	1	0	0	0	0	0	0	0
29925465-29925465_analysis_9	0	1	0	0	0	0	0	0	0
29943174-29943174_analysis_0	0	1	0	0	0	0	0	0	0
29992485-29992485_analysis_0	0	0	0	0	0	0	0	0	0
29992485-29992485_analysis_1	0	11	0	0	0	0	0	0	0
30038232-30038232_analysis_0	0	5	1	0	0	0	0	0	0
30038232-30038232_analysis_1	0	5	1	0	0	0	0	0	0
30056560-30056560_analysis_0	2	8	1	0	0	0	0	0	0
30056560-30056560_analysis_1	3	4	0	0	0	0	0	0	0
30077577-30077577_analysis_0	1	3	1	0	0	0	0	0	0
30091324-30091324_analysis_0	1	1	0	0	0	0	0	0	0
30110668-30110668_analysis_0	0	0	3	0	0	0	0	0	0
30225341-30225341_analysis_0	1	1	2	0	0	0	0	0	0
30225341-30225341_analysis_1	0	0	0	0	0	0	0	0	0
30225341-30225341_analysis_2	0	0	0	0	0	0	0	0	0
30225341-30225341_analysis_3	0	5	0	0	0	0	0	0	0
30239972-30239972_analysis_0	2	5	0	0	0	0	0	0	0
30239972-30239972_analysis_1	0	2	0	0	0	0	0	0	0
30239972-30239972_analysis_2	0	5	0	0	0	0	0	0	0
30239972-30239972_analysis_3	0	3	0	0	0	0	0	0	0
30239972-30239972_analysis_4	1	11	0	0	0	0	0	0	0
30239972-30239972_analysis_5	0	9	1	0	0	0	0	0	0
30239972-30239972_analysis_6	0	0	0	0	0	0	0	0	0
30239972-30239972_analysis_7	0	0	0	0	0	0	0	0	0
30239972-30239972_analysis_8	0	0	0	0	0	0	0	0	0
30264337-30264337_analysis_0	0	6	5	0	0	0	0	0	0
30264337-30264337_analysis_1	0	0	0	1	0	0	0	0	0
30264337-30264337_analysis_2	0	2	0	0	0	0	0	0	0
30264337-30264337_analysis_3	0	1	0	0	0	0	0	0	0
30264337-30264337_analysis_4	0	1	0	0	0	0	0	0	0
30270547-30270547_analysis_0	1	0	0	0	0	0	0	0	0
30272134-30272134_analysis_0	0	10	0	0	0	0	0	0	0
30272134-30272134_analysis_1	0	1	0	0	0	0	0	0	0
30272134-30272134_analysis_2	0	13	0	0	0	0	0	0	0
30295709-30295709_analysis_0	0	7	3	0	0	0	0	0	0
30300745-30300745_analysis_0	2	2	2	0	0	0	0	0	0
30300745-30300745_analysis_1	1	3	0	0	0	0	0	0	0
30328665-30328665_analysis_0	0	2	0	0	0	0	0	0	0
30349467-30349467_analysis_0	0	4	0	0	0	0	0	0	0
30349467-30349467_analysis_1	0	2	0	0	0	1	0	0	0
30349467-30349467_analysis_2	0	2	4	0	0	0	0	0	0
30349467-30349467_analysis_3	2	10	0	0	0	0	0	0	0
30349467-30349467_analysis_4	0	0	1	0	0	0	0	0	0
30349467-30349467_analysis_5	0	0	0	0	0	0	0	0	0
30349467-30349467_analysis_6	1	1	1	0	0	0	0	0	0
30392771-30392771_analysis_0	1	10	2	0	0	0	0	0	0
30419259-30419259_analysis_0	0	2	0	0	0	0	0	0	0
30419259-30419259_analysis_1	0	0	0	0	0	0	0	0	0
30419259-30419259_analysis_2	1	3	0	0	0	0	0	0	0
30419259-30419259_analysis_3	0	5	0	0	0	0	0	0	0
30430680-30430680_analysis_0	0	6	2	0	0	0	0	0	0
30430680-30430680_analysis_1	0	5	2	0	0	0	0	0	0
30430680-30430680_analysis_10	1	8	1	0	0	0	0	0	0
30430680-30430680_analysis_11	1	5	3	0	0	0	0	0	0
30430680-30430680_analysis_2	1	2	0	0	0	0	0	0	0
30430680-30430680_analysis_3	0	3	0	0	0	0	0	0	0
30430680-30430680_analysis_4	0	1	0	0	0	0	0	0	0
30430680-30430680_analysis_5	1	0	0	0	0	0	0	0	0
30430680-30430680_analysis_6	0	4	0	0	0	0	0	0	0
30430680-30430680_analysis_7	1	3	0	0	0	0	0	0	0
30430680-30430680_analysis_8	0	6	1	0	0	0	0	0	0
30430680-30430680_analysis_9	0	2	0	0	0	0	0	0	0
30500423-30500423_analysis_0	0	10	0	0	0	0	0	0	0
30615116-30615116_analysis_0	0	5	0	0	0	0	0	0	0
30615116-30615116_analysis_1	1	7	3	0	0	0	0	0	0
30624029-30624029_analysis_0	0	0	0	0	0	0	0	0	0
30639342-30639342_analysis_0	0	15	3	0	0	0	0	0	0
30639342-30639342_analysis_1	0	2	0	0	0	0	0	0	0
30639342-30639342_analysis_2	3	3	8	0	0	0	0	0	0
30639342-30639342_analysis_3	0	9	1	0	0	0	0	0	0
30639342-30639342_analysis_4	0	0	0	0	0	0	0	0	0
30649548-30649548_analysis_0	1	2	6	0	0	0	0	0	0
30649548-30649548_analysis_1	0	3	6	0	0	0	0	0	0
30649548-30649548_analysis_2	0	11	0	0	0	0	0	0	0
30649548-30649548_analysis_3	0	4	1	0	0	0	0	0	0
30649548-30649548_analysis_4	0	1	0	0	0	0	0	0	0
30649548-30649548_analysis_5	0	6	3	0	0	0	0	0	0
30656602-30656602_analysis_0	0	1	0	0	0	0	0	0	0
30656602-30656602_analysis_1	0	4	0	0	0	0	0	0	0
30656602-30656602_analysis_2	0	1	0	0	0	0	0	0	0
30656602-30656602_analysis_3	1	0	0	0	0	0	0	0	0
30656602-30656602_analysis_4	0	3	1	0	0	0	0	0	0
30656602-30656602_analysis_5	0	0	0	0	0	0	0	0	0
30656602-30656602_analysis_6	0	0	0	0	0	0	0	0	0
30656602-30656602_analysis_7	0	1	0	0	0	0	0	0	0
30679738-30679738_analysis_0	1	0	0	0	0	0	0	0	0
30679738-30679738_analysis_1	1	0	0	0	0	0	0	0	0
30734090-30734090_analysis_0	0	3	1	0	0	0	0	0	0
30806571-30806571_analysis_0	1	8	1	0	0	0	0	0	0
30806571-30806571_analysis_1	1	7	0	0	0	0	0	0	0
30806571-30806571_analysis_2	1	9	0	0	0	0	0	0	0
30806571-30806571_analysis_3	1	7	0	0	0	0	0	0	0
30806571-30806571_analysis_4	0	2	0	0	0	0	0	0	0
30806571-30806571_analysis_5	0	3	0	0	0	0	0	0	0
30806571-30806571_analysis_6	0	0	0	0	0	0	0	0	0
30806571-30806571_analysis_7	0	1	0	0	0	0	0	0	0
30834300-30834300_analysis_0	0	1	2	0	0	0	0	0	0
30834300-30834300_analysis_1	0	3	0	0	0	0	0	0	0
30834300-30834300_analysis_2	0	0	0	0	0	0	0	0	0
30843728-30843728_analysis_0	2	0	0	0	0	0	0	0	0
30846366-30846366_analysis_0	0	6	0	0	0	0	0	0	0
30885789-30885789_analysis_0	0	6	0	0	0	0	0	0	0
30885789-30885789_analysis_1	0	5	0	0	0	0	0	0	0
30885789-30885789_analysis_2	1	9	4	0	0	0	0	0	0
30904774-30904774_analysis_0	1	6	1	0	0	0	0	0	0
30904774-30904774_analysis_1	0	1	0	0	0	0	0	0	0
30904774-30904774_analysis_2	0	0	0	0	0	0	0	0	0
30936043-30936043_analysis_0	1	5	0	0	0	0	0	0	0
30936043-30936043_analysis_1	1	3	3	0	0	0	0	0	0
30936043-30936043_analysis_2	0	5	2	0	0	0	0	0	0
30936043-30936043_analysis_3	0	4	0	0	0	0	0	0	0
30949039-30949039_analysis_0	0	3	0	0	0	0	0	0	0
30949039-30949039_analysis_1	0	1	0	0	0	0	0	0	0
30949039-30949039_analysis_2	0	0	0	0	0	0	0	0	0
30949039-30949039_analysis_3	0	0	1	0	0	0	0	0	0
30949039-30949039_analysis_4	0	3	1	0	0	0	0	0	0
30976115-30976115_analysis_0	0	14	4	0	0	0	0	0	0
30979668-30979668_analysis_0	1	10	3	0	0	0	0	0	0
31011853-31011853_analysis_0	0	1	1	0	0	0	0	0	0
31028924-31028924_analysis_0	0	24	0	0	0	0	0	0	0
31056647-31056647_analysis_0	0	1	0	0	0	0	0	0	0
31056647-31056647_analysis_1	0	1	0	0	0	0	0	0	0
31056647-31056647_analysis_2	0	0	2	0	0	0	0	0	0
31090126-31090126_analysis_0	1	27	2	0	0	0	0	0	0
31090126-31090126_analysis_1	0	0	0	0	0	0	0	0	0
31090126-31090126_analysis_2	0	0	0	0	0	0	0	0	0
31090126-31090126_analysis_3	0	0	0	0	0	0	0	0	0
31090126-31090126_analysis_4	0	4	0	0	0	0	0	0	0
31102892-31102892_analysis_0	0	1	0	0	0	0	0	0	0
31112784-31112784_analysis_0	0	23	0	0	0	0	0	0	0
31112784-31112784_analysis_1	0	5	0	0	0	0	0	0	0
31112784-31112784_analysis_2	0	29	0	0	0	0	0	0	0
31142792-31142792_analysis_0	0	2	0	0	0	0	0	0	0
31142792-31142792_analysis_1	0	0	1	0	0	0	0	0	0
31194250-31194250_analysis_0	1	5	2	0	0	0	0	0	0
31260788-31260788_analysis_0	0	1	0	0	0	0	0	0	0
31269199-31269199_analysis_0	0	2	0	0	0	0	0	0	0
31379539-31379539_analysis_0	1	3	2	0	0	0	0	0	0
31379539-31379539_analysis_1	1	3	1	0	0	0	0	0	0
31379539-31379539_analysis_2	0	3	1	0	0	0	0	0	0
31420884-31420884_analysis_0	0	6	1	0	0	0	0	0	0
31491524-31491524_analysis_0	0	3	0	0	0	0	0	0	0
31491524-31491524_analysis_1	0	5	0	0	0	0	0	0	0
31491524-31491524_analysis_10	0	0	0	0	0	0	0	0	0
31491524-31491524_analysis_11	0	1	0	0	0	0	0	0	0
31491524-31491524_analysis_12	0	1	0	0	0	0	0	0	0
31491524-31491524_analysis_13	0	2	0	0	0	0	0	0	0
31491524-31491524_analysis_14	0	1	0	0	0	0	0	0	0
31491524-31491524_analysis_15	0	1	0	0	0	0	0	0	0
31491524-31491524_analysis_2	0	1	0	0	0	0	0	0	0
31491524-31491524_analysis_3	0	1	0	0	0	0	0	0	0
31491524-31491524_analysis_4	0	2	0	0	0	0	0	0	0
31491524-31491524_analysis_5	0	2	0	0	0	0	0	0	0
31491524-31491524_analysis_6	0	2	0	0	0	0	0	0	0
31491524-31491524_analysis_7	0	0	0	0	0	0	0	0	0
31491524-31491524_analysis_8	0	1	0	0	0	0	0	0	0
31491524-31491524_analysis_9	0	1	0	0	0	0	0	0	0
31506672-31506672_analysis_0	0	5	3	0	0	0	0	0	0
31506678-31506678_analysis_0	0	2	1	0	0	0	0	0	0
31515750-31515750_analysis_0	0	7	2	0	0	0	0	0	0
31515750-31515750_analysis_1	0	2	1	0	0	0	0	0	0
31515750-31515750_analysis_2	0	1	0	0	0	0	0	0	0
31598216-31598216_analysis_0	0	6	1	0	0	0	0	0	0
31598216-31598216_analysis_1	0	0	0	0	0	0	0	0	0
31598216-31598216_analysis_2	0	2	0	0	0	0	0	0	0
31598216-31598216_analysis_3	1	5	0	0	0	0	0	0	0
31598216-31598216_analysis_4	0	0	1	0	0	0	0	0	0
31598216-31598216_analysis_5	1	4	0	0	0	0	0	0	0
31598216-31598216_analysis_6	0	0	1	0	0	0	0	0	0
31600014-31600014_analysis_0	0	0	3	0	0	0	0	0	0
31639270-31639270_analysis_0	2	14	3	0	0	0	0	0	0
31639270-31639270_analysis_1	2	13	2	0	0	0	0	0	0
31680152-31680152_analysis_0	0	3	0	0	0	0	0	0	0
31680152-31680152_analysis_1	0	3	0	0	0	0	0	0	0
31680152-31680152_analysis_2	0	0	3	0	0	0	0	0	0
31680152-31680152_analysis_3	0	0	0	0	0	0	0	0	0
31680152-31680152_analysis_4	0	2	0	0	0	0	0	0	0
31687737-31687737_analysis_0	0	3	3	0	0	0	0	0	0
31689587-31689587_analysis_0	0	0	0	0	0	0	0	0	0
31689587-31689587_analysis_1	0	20	1	0	0	0	0	0	0
31690846-31690846_analysis_0	0	0	0	0	0	0	0	0	0
31747689-31747689_analysis_0	0	1	0	0	0	0	0	0	0
31747689-31747689_analysis_1	0	2	0	0	0	0	0	0	0
31747689-31747689_analysis_2	0	2	0	0	0	0	0	0	0
31780903-31780903_analysis_0	0	5	0	0	0	0	0	0	0
31837376-31837376_analysis_0	0	1	0	0	0	0	0	0	0
31855701-31855701_analysis_0	0	0	0	0	0	0	0	0	0
31855701-31855701_analysis_1	0	0	0	0	0	0	0	0	0
31855701-31855701_analysis_2	0	0	0	0	0	0	0	0	0
31855701-31855701_analysis_3	0	2	0	0	0	0	0	0	0
31855701-31855701_analysis_4	0	0	0	0	0	0	0	0	0
31882274-31882274_analysis_0	0	0	0	0	0	0	0	0	0
31924374-31924374_analysis_0	0	3	0	0	0	0	0	0	0
31957464-31957464_analysis_0	0	0	1	0	0	0	0	0	0
31957464-31957464_analysis_1	0	6	0	0	0	0	0	0	0
31957464-31957464_analysis_2	1	0	0	0	0	0	0	0	0
31957464-31957464_analysis_3	0	0	0	0	0	0	0	0	0
31957464-31957464_analysis_4	0	0	0	0	0	0	0	0	0
31978745-31978745_analysis_0	0	0	0	0	0	0	0	0	0
32711811-32711811_analysis_0	0	0	1	0	0	0	0	0	0
32859293-32859293_analysis_0	0	0	0	0	0	0	0	0	0
